elevation,amplitude,mean_correlation,negative_correlation_count,negative_correlation_mean,decay_rate,net_flow_active,net_flow_others,total_system_flow,is_balanced,empirical_drift,final_mean_satisfaction,dissatisfied_fraction,system_unstable
-0.3,0.1,-0.15000000000000002,56,-0.31428571428571433,0.034499999999999996,0.1655,-0.04825,-0.17225,False,-0.0004375007499184149,-0.5050231443885489,1.0,False
-0.3,0.15714285714285714,-0.15714285714285714,56,-0.3224489795918367,0.03471428571428571,0.1652857142857143,-0.04882142857142857,-0.17646428571428568,False,-0.0007994997600702979,-0.5035577434097283,1.0,False
-0.3,0.2142857142857143,-0.16428571428571426,56,-0.33061224489795915,0.03492857142857142,0.1650714285714286,-0.049392857142857134,-0.18067857142857136,False,-0.000539525473486599,-0.5088800121779129,1.0,False
-0.3,0.27142857142857146,-0.17142857142857143,56,-0.3387755102040816,0.03514285714285714,0.16485714285714287,-0.04996428571428571,-0.18489285714285714,False,-0.0006198968609436674,-0.5100357597011396,1.0,False
-0.3,0.3285714285714286,-0.17857142857142855,56,-0.34693877551020413,0.03535714285714286,0.16464285714285715,-0.05053571428571429,-0.18910714285714286,False,-0.0006998787016538016,-0.514561178431784,1.0,False
-0.3,0.3857142857142858,-0.1857142857142857,56,-0.3551020408163265,0.03557142857142857,0.16442857142857142,-0.05110714285714286,-0.1933214285714286,False,-0.0008215922992351788,-0.5098631087817628,1.0,False
-0.3,0.44285714285714284,-0.19285714285714284,40,-0.5138303440959027,0.03578571428571428,0.16421428571428573,-0.05167857142857142,-0.19753571428571423,False,-6.882525332859544e-05,-0.5286400394294456,1.0,False
-0.3,0.5,-0.2,40,-0.5414213562373096,0.036,0.164,-0.05224999999999999,-0.2017499999999999,False,-0.0007537023101826392,-0.530876189350715,1.0,False
-0.3,0.5571428571428572,-0.20714285714285713,40,-0.5690123683787164,0.03621428571428571,0.1637857142857143,-0.052821428571428575,-0.2059642857142857,False,-0.00024352718383600767,-0.5382451032949179,1.0,False
-0.3,0.6142857142857143,-0.2142857142857143,40,-0.5966033805201232,0.03642857142857143,0.1635714285714286,-0.053392857142857145,-0.21017857142857144,False,0.0003901360146283786,-0.5398765302982726,1.0,False
-0.3,0.6714285714285715,-0.22142857142857142,40,-0.6241943926615299,0.036642857142857144,0.16335714285714287,-0.053964285714285715,-0.21439285714285716,False,-6.561194797508399e-05,-0.5284382559926831,1.0,False
-0.3,0.7285714285714286,-0.22857142857142856,40,-0.6517854048029367,0.03685714285714286,0.16314285714285715,-0.054535714285714285,-0.21860714285714283,False,-0.0005583944446850995,-0.543528311995171,1.0,False
-0.3,0.7857142857142857,-0.2357142857142857,40,-0.6793764169443435,0.037071428571428575,0.16292857142857142,-0.05510714285714287,-0.22282142857142867,False,7.979704244211486e-06,-0.553998309969315,1.0,False
-0.3,0.8428571428571429,-0.24285714285714283,40,-0.7069674290857503,0.03728571428571428,0.16271428571428573,-0.055678571428571424,-0.22703571428571426,False,0.00043131226660127707,-0.5452210986112911,1.0,False
-0.3,0.9,-0.24999999999999994,40,-0.7345584412271571,0.0375,0.1625,-0.056249999999999994,-0.23124999999999993,False,-0.0016203074250334144,-0.5410853997883278,0.9995,True
-0.2571428571428571,0.1,-0.11249999999999996,56,-0.2714285714285714,0.033375,0.16662500000000002,-0.04525,-0.15012499999999995,False,-0.0009035007058569399,-0.47555377435013185,1.0,False
-0.2571428571428571,0.15714285714285714,-0.11964285714285713,56,-0.27959183673469384,0.03358928571428571,0.1664107142857143,-0.04582142857142857,-0.15433928571428568,False,-0.0009049935818024784,-0.4721155116188296,1.0,False
-0.2571428571428571,0.2142857142857143,-0.12678571428571428,56,-0.28775510204081634,0.033803571428571426,0.16619642857142858,-0.04639285714285714,-0.1585535714285714,False,-0.000470582624922879,-0.48938101857361865,1.0,False
-0.2571428571428571,0.27142857142857146,-0.1339285714285714,56,-0.2959183673469387,0.03401785714285714,0.16598214285714286,-0.04696428571428571,-0.16276785714285713,False,-0.0005703055079008066,-0.5008613676589266,1.0,False
-0.2571428571428571,0.3285714285714286,-0.14107142857142857,56,-0.3040816326530612,0.03423214285714286,0.16576785714285716,-0.047535714285714285,-0.16698214285714283,False,-0.0006307765767137568,-0.4963261347589076,1.0,False
-0.2571428571428571,0.3857142857142858,-0.1482142857142857,40,-0.44338218909735305,0.034446428571428565,0.16555357142857144,-0.048107142857142855,-0.17119642857142855,False,-0.0005088368749899328,-0.5005392538301909,1.0,False
-0.2571428571428571,0.44285714285714284,-0.1553571428571428,40,-0.47097320123875974,0.03466071428571428,0.16533928571428574,-0.04867857142857142,-0.1754107142857142,False,-0.0005890273425323534,-0.50224306699744,1.0,False
-0.2571428571428571,0.5,-0.16249999999999998,40,-0.4985642133801667,0.034875,0.16512500000000002,-0.04925,-0.17962499999999998,False,-0.00047672988506333394,-0.5191742108526906,1.0,False
-0.2571428571428571,0.5571428571428572,-0.16964285714285712,40,-0.5261552255215735,0.03508928571428571,0.1649107142857143,-0.049821428571428565,-0.18383928571428565,False,-0.0006062426110525179,-0.5167673614303258,1.0,False
-0.2571428571428571,0.6142857142857143,-0.17678571428571427,40,-0.5537462376629803,0.03530357142857143,0.16469642857142858,-0.05039285714285714,-0.18805357142857143,False,-0.0009317552243602468,-0.5110685562662098,1.0,False
-0.2571428571428571,0.6714285714285715,-0.18392857142857139,40,-0.5813372498043871,0.03551785714285714,0.16448214285714285,-0.05096428571428571,-0.19226785714285716,False,-0.0006922649444970484,-0.5149526193184277,0.99975,False
-0.2571428571428571,0.7285714285714286,-0.19107142857142861,40,-0.6089282619457939,0.03573214285714286,0.16426785714285716,-0.05153571428571428,-0.1964821428571428,False,5.450242589540965e-06,-0.5110465141143609,0.9995,False
-0.2571428571428571,0.7857142857142857,-0.1982142857142857,40,-0.6365192740872005,0.03594642857142857,0.16405357142857144,-0.05210714285714285,-0.20069642857142853,False,-0.0008797858965347134,-0.5243222824711429,0.99925,False
-0.2571428571428571,0.8428571428571429,-0.20535714285714285,40,-0.6641102862286075,0.03616071428571428,0.16383928571428574,-0.05267857142857142,-0.20491071428571422,False,0.0006626428312074023,-0.5252165856797298,0.99975,False
-0.2571428571428571,0.9,-0.21249999999999997,40,-0.6917012983700143,0.036375,0.16362500000000002,-0.05324999999999999,-0.2091249999999999,False,0.0008373858146220848,-0.5437118405262815,0.9984999999999999,False
-0.21428571428571427,0.1,-0.07499999999999998,56,-0.2285714285714286,0.03225,0.16775,-0.04225,-0.128,False,-0.0009069131057823084,-0.4248708975898343,1.0,False
-0.21428571428571427,0.15714285714285714,-0.08214285714285713,56,-0.23673469387755103,0.03246428571428571,0.1675357142857143,-0.042821428571428566,-0.13221428571428567,False,-0.0006949198869651144,-0.42530626771749835,0.99975,False
-0.21428571428571427,0.2142857142857143,-0.08928571428571427,56,-0.24489795918367346,0.032678571428571425,0.1673214285714286,-0.04339285714285714,-0.13642857142857143,False,-7.769546959147097e-05,-0.44003198679886146,1.0,False
-0.21428571428571427,0.27142857142857146,-0.09642857142857142,56,-0.2530612244897959,0.03289285714285715,0.16710714285714287,-0.04396428571428572,-0.14064285714285715,False,-0.0005689943965212127,-0.4376487262621966,1.0,False
-0.21428571428571427,0.3285714285714286,-0.10357142857142856,40,-0.3729340340988034,0.033107142857142856,0.16689285714285715,-0.04453571428571429,-0.14485714285714288,False,-0.0009435114030592736,-0.45996677650642515,0.99975,False
-0.21428571428571427,0.3857142857142858,-0.11071428571428568,40,-0.40052504624021024,0.03332142857142857,0.16667857142857145,-0.04510714285714286,-0.14907142857142858,False,-0.00011460442456061694,-0.4535661612922885,1.0,False
-0.21428571428571427,0.44285714285714284,-0.11785714285714285,40,-0.42811605838161704,0.03353571428571429,0.16646428571428573,-0.04567857142857143,-0.15328571428571425,False,-0.0010358225410576983,-0.47223996358632025,1.0,True
-0.21428571428571427,0.5,-0.125,40,-0.45570707052302384,0.03375,0.16625,-0.04625,-0.15749999999999997,False,-0.0008713561479356608,-0.48902436755477874,0.9995,False
-0.21428571428571427,0.5571428571428572,-0.13214285714285712,40,-0.4832980826644306,0.03396428571428571,0.1660357142857143,-0.04682142857142857,-0.1617142857142857,False,-0.001048161339999301,-0.48179268515249263,1.0,True
-0.21428571428571427,0.6142857142857143,-0.1392857142857143,40,-0.5108890948058373,0.034178571428571426,0.1658214285714286,-0.04739285714285714,-0.1659285714285714,False,0.00040689151569436546,-0.4819467812905239,1.0,False
-0.21428571428571427,0.6714285714285715,-0.14642857142857144,40,-0.5384801069472442,0.03439285714285714,0.16560714285714287,-0.047964285714285716,-0.17014285714285712,False,-0.0006146923680319532,-0.5022217302211487,0.99925,False
-0.21428571428571427,0.7285714285714286,-0.1535714285714286,40,-0.5660711190886512,0.03460714285714286,0.16539285714285715,-0.048535714285714286,-0.17435714285714285,False,1.6268305286904057e-05,-0.5178083632822116,0.9977499999999999,False
-0.21428571428571427,0.7857142857142857,-0.16071428571428575,40,-0.5936621312300578,0.03482142857142857,0.16517857142857145,-0.049107142857142856,-0.17857142857142855,False,0.00022674135678137506,-0.5158079648670685,0.99725,False
-0.21428571428571427,0.8428571428571429,-0.1678571428571429,40,-0.6212531433714646,0.03503571428571429,0.16496428571428573,-0.04967857142857143,-0.18278571428571427,False,-0.0003744737371055126,-0.5048617004114707,0.998,False
-0.21428571428571427,0.9,-0.17500000000000004,40,-0.6488441555128714,0.03525,0.16475,-0.05025,-0.187,False,0.0010318763954764209,-0.497088808875096,0.9967499999999999,False
-0.17142857142857143,0.1,-0.037500000000000006,56,-0.18571428571428575,0.031125,0.168875,-0.03925,-0.105875,False,-0.0011656805665288678,-0.38900244746552715,0.9995,True
-0.17142857142857143,0.15714285714285714,-0.044642857142857144,56,-0.19387755102040818,0.031339285714285715,0.1686607142857143,-0.03982142857142858,-0.11008928571428575,False,-0.0015294300553015867,-0.3956523348940977,0.99975,True
-0.17142857142857143,0.2142857142857143,-0.05178571428571429,56,-0.20204081632653065,0.03155357142857143,0.16844642857142858,-0.04039285714285715,-0.11430357142857148,False,-0.0010848846532430544,-0.39975347866345334,0.998,True
-0.17142857142857143,0.27142857142857146,-0.05892857142857144,40,-0.3024858791002537,0.03176785714285714,0.16823214285714289,-0.04096428571428571,-0.11851785714285706,False,-0.0009062570998234932,-0.40708401038898384,0.99875,False
-0.17142857142857143,0.3285714285714286,-0.06607142857142859,40,-0.33007689124166056,0.031982142857142855,0.16801785714285716,-0.04153571428571429,-0.12273214285714285,False,-0.00036661053438157996,-0.4205659575581402,0.9967499999999999,False
-0.17142857142857143,0.3857142857142858,-0.07321428571428573,40,-0.35766790338306736,0.03219642857142857,0.16780357142857144,-0.04210714285714286,-0.12694642857142857,False,-0.0009976807251232658,-0.42781747738102915,0.99475,False
-0.17142857142857143,0.44285714285714284,-0.08035714285714286,40,-0.38525891552447417,0.032410714285714286,0.16758928571428572,-0.04267857142857143,-0.13116071428571424,False,-0.0001607062493270401,-0.4365352192226838,0.993,False
-0.17142857142857143,0.5,-0.08750000000000002,40,-0.4128499276658809,0.032624999999999994,0.16737500000000002,-0.04325,-0.13537499999999994,False,-5.208676702882105e-05,-0.4370057979487954,0.9897499999999999,False
-0.17142857142857143,0.5571428571428572,-0.09464285714285717,40,-0.4404409398072877,0.03283928571428572,0.1671607142857143,-0.043821428571428574,-0.13958928571428572,False,-0.000910553037221881,-0.433195800489697,0.9894999999999999,False
-0.17142857142857143,0.6142857142857143,-0.10178571428571431,40,-0.4680319519486947,0.03305357142857143,0.16694642857142858,-0.04439285714285715,-0.1438035714285715,False,-0.00146401321965933,-0.4440491176267817,0.98425,True
-0.17142857142857143,0.6714285714285715,-0.10892857142857143,40,-0.4956229640901014,0.03326785714285714,0.16673214285714288,-0.044964285714285714,-0.1480178571428571,False,-4.238081009759352e-05,-0.44842826769003785,0.98675,False
-0.17142857142857143,0.7285714285714286,-0.11607142857142858,40,-0.5232139762315082,0.033482142857142856,0.16651785714285716,-0.04553571428571429,-0.15223214285714287,False,-0.0005802726711684466,-0.4661161057618174,0.9959999999999999,False
-0.17142857142857143,0.7857142857142857,-0.12321428571428569,40,-0.550804988372915,0.03369642857142857,0.16630357142857144,-0.04610714285714286,-0.1564464285714286,False,0.00029543834135225427,-0.4757464480714953,0.98325,False
-0.17142857142857143,0.8428571428571429,-0.13035714285714284,40,-0.5783960005143217,0.03391071428571429,0.16608928571428572,-0.04667857142857143,-0.16066071428571427,False,0.00047680412758608373,-0.47345508742847686,0.99175,False
-0.17142857142857143,0.9,-0.1375,40,-0.6059870126557285,0.034124999999999996,0.16587500000000002,-0.04724999999999999,-0.1648749999999999,False,-0.0004735957829809158,-0.4757184963893305,0.9850000000000001,False
-0.12857142857142856,0.1,7.806255641895632e-18,56,-0.14285714285714285,0.03,0.17,-0.03625,-0.08374999999999996,False,-0.0018535446103717542,-0.3477210159640666,0.993,True
-0.12857142857142856,0.15714285714285714,-0.007142857142857141,56,-0.15102040816326529,0.03021428571428571,0.1697857142857143,-0.03682142857142857,-0.08796428571428569,False,-0.0018086741486525951,-0.3500710335213245,0.9955000000000002,True
-0.12857142857142856,0.2142857142857143,-0.014285714285714289,40,-0.23203772410170406,0.030428571428571426,0.1695714285714286,-0.037392857142857144,-0.09217857142857144,False,-0.0011120687289795995,-0.35873398413891067,0.9890000000000001,True
-0.12857142857142856,0.27142857142857146,-0.02142857142857143,40,-0.25962873624311084,0.03064285714285714,0.16935714285714287,-0.037964285714285714,-0.09639285714285711,False,-0.0011092712835309405,-0.36301858589555724,0.98925,True
-0.12857142857142856,0.3285714285714286,-0.028571428571428574,40,-0.2872197483845177,0.030857142857142854,0.16914285714285715,-0.038535714285714284,-0.10060714285714284,False,-0.0013986260365857752,-0.3775714285714284,0.98275,True
-0.12857142857142856,0.3857142857142858,-0.03571428571428571,40,-0.3148107605259245,0.031071428571428573,0.16892857142857143,-0.039107142857142854,-0.10482142857142857,False,-0.0012988039412861643,-0.375104794772123,0.9764999999999999,True
-0.12857142857142856,0.44285714285714284,-0.04285714285714283,40,-0.3424017726673313,0.031285714285714285,0.16871428571428573,-0.039678571428571424,-0.10903571428571421,False,-0.0010203667834512177,-0.369462257643138,0.9740000000000002,True
-0.12857142857142856,0.5,-0.05,40,-0.36999278480873804,0.0315,0.1685,-0.04025,-0.11324999999999999,False,-0.0012371050253466662,-0.3998957916337945,0.9652499999999998,True
-0.12857142857142856,0.5571428571428572,-0.05714285714285715,40,-0.3975837969501449,0.031714285714285716,0.1682857142857143,-0.04082142857142858,-0.11746428571428577,False,-0.0005665033193014274,-0.4077776259110416,0.9709999999999999,False
-0.12857142857142856,0.6142857142857143,-0.06428571428571428,40,-0.4251748090915517,0.031928571428571424,0.1680714285714286,-0.04139285714285714,-0.12167857142857141,False,-0.0007572855336910706,-0.41487234349532426,0.9720000000000001,False
-0.12857142857142856,0.6714285714285715,-0.07142857142857141,40,-0.45276582123295855,0.03214285714285714,0.16785714285714287,-0.04196428571428571,-0.12589285714285708,False,-0.00016429929361272495,-0.43701813752133045,0.9594999999999999,False
-0.12857142857142856,0.7285714285714286,-0.0785714285714286,40,-0.48035683337436536,0.032357142857142855,0.16764285714285715,-0.04253571428571429,-0.13010714285714287,False,-0.0009258388782897719,-0.4143256450293468,0.9659999999999999,False
-0.12857142857142856,0.7857142857142857,-0.08571428571428573,40,-0.5079478455157721,0.03257142857142857,0.16742857142857143,-0.04310714285714286,-0.1343214285714286,False,-0.001385284339400788,-0.43370218962313906,0.9657500000000001,True
-0.12857142857142856,0.8428571428571429,-0.09285714285714286,40,-0.5355388576571789,0.032785714285714286,0.16721428571428573,-0.04367857142857143,-0.13853571428571423,False,-0.000828624110375837,-0.43352151473254497,0.9722500000000001,False
-0.12857142857142856,0.9,-0.09999999999999998,40,-0.5631298697985857,0.033,0.167,-0.04425,-0.14274999999999996,False,-0.00041928845462314715,-0.4365029322589664,0.9749999999999999,False
-0.08571428571428569,0.1,0.03750000000000002,56,-0.09999999999999998,0.028874999999999998,0.17112500000000003,-0.033249999999999995,-0.06162499999999993,False,-0.0028052859851722947,-0.2838087053571427,0.9182500000000001,True
-0.08571428571428569,0.15714285714285714,0.030357142857142885,40,-0.1615895691031544,0.029089285714285713,0.1709107142857143,-0.03382142857142857,-0.06583928571428571,False,-0.0020347082673617505,-0.29244454719631774,0.9359999999999999,True
-0.08571428571428569,0.2142857142857143,0.023214285714285736,40,-0.1891805812445612,0.029303571428571425,0.17069642857142858,-0.03439285714285714,-0.07005357142857141,False,-0.0024743767321220396,-0.31095014107909735,0.9442499999999999,True
-0.08571428571428569,0.27142857142857146,0.016071428571428605,40,-0.21677159338596805,0.02951785714285714,0.17048214285714286,-0.03496428571428571,-0.07426785714285711,False,-0.002159848962150499,-0.29942670132150323,0.9480000000000001,True
-0.08571428571428569,0.3285714285714286,0.00892857142857146,40,-0.24436260552737482,0.029732142857142853,0.17026785714285717,-0.03553571428571428,-0.0784821428571428,False,-0.002055769456155432,-0.32468671118455866,0.9372499999999999,True
-0.08571428571428569,0.3857142857142858,0.0017857142857143186,40,-0.2719536176687816,0.029946428571428572,0.17005357142857144,-0.03610714285714286,-0.08269642857142859,False,-0.0013415597652694361,-0.32666663527847606,0.92675,True
-0.08571428571428569,0.44285714285714284,-0.005357142857142824,40,-0.29954462981018837,0.030160714285714284,0.16983928571428572,-0.03667857142857142,-0.0869107142857142,False,-0.0009994078728840575,-0.3495128138848966,0.9345000000000001,False
-0.08571428571428569,0.5,-0.012499999999999966,40,-0.32713564195159517,0.030375,0.16962500000000003,-0.03725,-0.09112499999999996,False,-0.0009937660590467428,-0.3457970903312114,0.9459999999999997,False
-0.08571428571428569,0.5571428571428572,-0.019642857142857108,40,-0.35472665409300197,0.03058928571428571,0.1694107142857143,-0.03782142857142857,-0.09533928571428568,False,-0.0010581347579542866,-0.37032198466718197,0.9385,True
-0.08571428571428569,0.6142857142857143,-0.02678571428571425,40,-0.3823176662344088,0.030803571428571423,0.16919642857142858,-0.03839285714285714,-0.09955357142857141,False,-0.001030045247610425,-0.3573201587306293,0.9382499999999998,True
-0.08571428571428569,0.6714285714285715,-0.03392857142857141,40,-0.4099086783758157,0.03101785714285714,0.16898214285714286,-0.03896428571428571,-0.10376785714285708,False,-0.0006606632897831722,-0.39358979994266796,0.9492499999999999,False
-0.08571428571428569,0.7285714285714286,-0.041071428571428585,40,-0.4374996905172225,0.031232142857142858,0.16876785714285716,-0.039535714285714285,-0.10798214285714283,False,-0.0013272912258955282,-0.3883975543141938,0.9592499999999999,True
-0.08571428571428569,0.7857142857142857,-0.0482142857142857,40,-0.46509070265862923,0.03144642857142857,0.16855357142857144,-0.040107142857142855,-0.11219642857142856,False,-0.0011616738087514883,-0.40122026999451654,0.9545,True
-0.08571428571428569,0.8428571428571429,-0.05535714285714284,40,-0.49268171480003603,0.031660714285714285,0.16833928571428572,-0.040678571428571425,-0.11641071428571423,False,-0.0005472890606104313,-0.3937481249397277,0.942,False
-0.08571428571428569,0.9,-0.062499999999999986,40,-0.5202727269414428,0.031875,0.16812500000000002,-0.04125,-0.12062499999999998,False,-6.850452118211654e-05,-0.4078661018790474,0.9504999999999999,False
-0.04285714285714287,0.1,0.07499999999999998,40,-0.09114141410460477,0.02775,0.17225000000000001,-0.030250000000000003,-0.03950000000000001,False,-0.003609604776628095,-0.2199205266952969,0.735,True
-0.04285714285714287,0.15714285714285714,0.06785714285714287,40,-0.11873242624601157,0.027964285714285712,0.1720357142857143,-0.03082142857142857,-0.043714285714285706,False,-0.003449731318958995,-0.2312557344811566,0.7950000000000002,True
-0.04285714285714287,0.2142857142857143,0.06071428571428571,40,-0.1463234383874184,0.028178571428571428,0.17182142857142857,-0.031392857142857146,-0.04792857142857146,False,-0.0028619503680624696,-0.239808827594215,0.78075,True
-0.04285714285714287,0.27142857142857146,0.05357142857142855,40,-0.1739144505288252,0.02839285714285714,0.17160714285714287,-0.03196428571428571,-0.052142857142857074,False,-0.003236442354106041,-0.25371641672538303,0.8059999999999998,True
-0.04285714285714287,0.3285714285714286,0.0464285714285714,40,-0.201505462670232,0.02860714285714286,0.17139285714285715,-0.032535714285714286,-0.056357142857142856,False,-0.002575482857789027,-0.275009497082526,0.82675,True
-0.04285714285714287,0.3857142857142858,0.03928571428571426,40,-0.2290964748116388,0.02882142857142857,0.17117857142857143,-0.033107142857142856,-0.060571428571428554,False,-0.0022483150130391725,-0.275164156724359,0.8215,True
-0.04285714285714287,0.44285714285714284,0.03214285714285713,40,-0.2566874869530456,0.029035714285714286,0.17096428571428574,-0.03367857142857143,-0.06478571428571428,False,-0.0018818556671682733,-0.2879501681446054,0.869,True
-0.04285714285714287,0.5,0.02499999999999996,40,-0.28427849909445235,0.02925,0.17075,-0.03425,-0.069,False,-0.0024293262267153374,-0.30831969584939767,0.857,True
-0.04285714285714287,0.5571428571428572,0.017857142857142808,40,-0.3118695112358592,0.029464285714285714,0.1705357142857143,-0.03482142857142857,-0.07321428571428573,False,-0.00217508133125189,-0.32644467813189937,0.8789999999999999,True
-0.04285714285714287,0.6142857142857143,0.010714285714285676,40,-0.339460523377266,0.02967857142857143,0.17032142857142857,-0.03539285714285714,-0.07742857142857143,False,-0.0019957252779700813,-0.30432766409289314,0.8935000000000002,True
-0.04285714285714287,0.6714285714285715,0.003571428571428534,40,-0.3670515355186728,0.02989285714285714,0.17010714285714287,-0.03596428571428571,-0.0816428571428571,False,-0.0019112098007685826,-0.32553008176598647,0.8842500000000001,True
-0.04285714285714287,0.7285714285714286,-0.003571428571428615,40,-0.3946425476600796,0.030107142857142857,0.16989285714285715,-0.03653571428571429,-0.08585714285714288,False,-0.001448275470880117,-0.33444193967220437,0.92025,True
-0.04285714285714287,0.7857142857142857,-0.01071428571428576,40,-0.42223355980148636,0.03032142857142857,0.16967857142857146,-0.03710714285714285,-0.09007142857142852,False,-0.0010717120290858347,-0.34646843467863825,0.924,True
-0.04285714285714287,0.8428571428571429,-0.017857142857142867,40,-0.44982457194289316,0.030535714285714284,0.16946428571428573,-0.03767857142857143,-0.09428571428571425,False,-0.0015857868607863045,-0.3290909092982538,0.9102500000000001,True
-0.04285714285714287,0.9,-0.02500000000000001,40,-0.4774155840842999,0.030749999999999996,0.16925,-0.03825,-0.09849999999999998,False,-0.0008421760341243584,-0.3794458705442546,0.9137500000000001,False
0.0,0.1,0.1125,28,-0.06897753035351702,0.026625,0.173375,-0.02725,-0.017375,False,-0.004960625187955646,-0.13633279671676932,0.40525,True
0.0,0.15714285714285714,0.10535714285714284,28,-0.10839326198409814,0.026839285714285715,0.1731607142857143,-0.027821428571428573,-0.0215892857142857,False,-0.004008486594718525,-0.15642799567535925,0.45550000000000007,True
0.0,0.2142857142857143,0.0982142857142857,28,-0.1478089936146793,0.027053571428571427,0.17294642857142858,-0.028392857142857143,-0.025803571428571426,False,-0.0039569185596615335,-0.16285644713299335,0.5469999999999999,True
0.0,0.27142857142857146,0.09107142857142855,28,-0.18722472524526043,0.027267857142857142,0.17273214285714286,-0.028964285714285713,-0.030017857142857124,False,-0.004213107370161169,-0.2004463052012889,0.5937500000000001,True
0.0,0.3285714285714286,0.08392857142857141,28,-0.2266404568758416,0.027482142857142858,0.17251785714285717,-0.029535714285714287,-0.03423214285714285,False,-0.0035669067508950028,-0.20202212382055276,0.6405000000000001,True
0.0,0.3857142857142858,0.07678571428571426,28,-0.2660561885064228,0.027696428571428573,0.17230357142857144,-0.03010714285714286,-0.038446428571428576,False,-0.003945524610178821,-0.2222051571255454,0.6597500000000001,True
0.0,0.44285714285714284,0.06964285714285716,28,-0.30547192013700386,0.027910714285714285,0.17208928571428572,-0.03067857142857143,-0.042660714285714274,False,-0.0031064939754912374,-0.21984993816892423,0.7164999999999999,True
0.0,0.5,0.062499999999999986,28,-0.344887651767585,0.028124999999999997,0.171875,-0.031249999999999997,-0.04687499999999997,False,-0.0035562563529984307,-0.22997128653373813,0.7464999999999999,True
0.0,0.5571428571428572,0.05535714285714284,28,-0.3843033833981662,0.028339285714285713,0.1716607142857143,-0.03182142857142857,-0.0510892857142857,False,-0.0035282852151988474,-0.2572968218731277,0.75275,True
0.0,0.6142857142857143,0.048214285714285696,28,-0.42371911502874726,0.028553571428571428,0.17144642857142858,-0.03239285714285714,-0.055303571428571396,False,-0.00310026534123943,-0.25408423298793226,0.7544999999999998,True
0.0,0.6714285714285715,0.041071428571428564,28,-0.46313484665932847,0.028767857142857144,0.17123214285714286,-0.03296428571428572,-0.05951785714285715,False,-0.0024073093865523395,-0.2705457822886316,0.8097499999999999,True
0.0,0.7285714285714286,0.03392857142857139,28,-0.5025505782899096,0.028982142857142856,0.17101785714285717,-0.03353571428571429,-0.06373214285714285,False,-0.002735043634719674,-0.28459923712553997,0.826,True
0.0,0.7857142857142857,0.026785714285714267,28,-0.5419663099204908,0.02919642857142857,0.17080357142857144,-0.03410714285714286,-0.06794642857142855,False,-0.002370424349640815,-0.307053013407092,0.8252499999999999,True
0.0,0.8428571428571429,0.019642857142857125,28,-0.5813820415510719,0.029410714285714287,0.17058928571428572,-0.034678571428571434,-0.0721607142857143,False,-0.0015786155109646434,-0.2856589851629837,0.851,True
0.0,0.9,0.01249999999999998,28,-0.6207977731816531,0.029625,0.170375,-0.035250000000000004,-0.07637500000000003,False,-0.0011028456782396898,-0.32415265833279583,0.87475,True
0.04285714285714287,0.1,0.15000000000000002,24,-0.03761664255529363,0.0255,0.17450000000000002,-0.024249999999999997,0.004750000000000032,True,-0.005127179960403941,-0.024243312590417603,0.05075,True
0.04285714285714287,0.15714285714285714,0.14285714285714285,24,-0.08360166279097163,0.025714285714285714,0.1742857142857143,-0.02482142857142857,0.000535714285714306,True,-0.0043877357615235025,-0.04338436791527746,0.128,True
0.04285714285714287,0.2142857142857143,0.13571428571428573,24,-0.12958668302664966,0.02592857142857143,0.17407142857142857,-0.025392857142857144,-0.0036785714285714477,False,-0.005020146336116803,-0.0690995873926371,0.19725,True
0.04285714285714287,0.27142857142857146,0.1285714285714286,24,-0.17557170326232763,0.02614285714285714,0.17385714285714288,-0.02596428571428571,-0.00789285714285709,False,-0.006300738255931015,-0.08927169076307141,0.25749999999999995,True
0.04285714285714287,0.3285714285714286,0.12142857142857144,24,-0.22155672349800568,0.026357142857142857,0.17364285714285715,-0.026535714285714284,-0.012107142857142844,False,-0.004653213957164738,-0.10977517200175249,0.36075,True
0.04285714285714287,0.3857142857142858,0.1142857142857143,24,-0.2675417437336837,0.02657142857142857,0.17342857142857143,-0.027107142857142854,-0.016321428571428542,False,-0.004357719494124228,-0.1299664337905343,0.41325,True
0.04285714285714287,0.44285714285714284,0.10714285714285715,24,-0.3135267639693616,0.026785714285714284,0.17321428571428574,-0.027678571428571427,-0.02053571428571424,False,-0.004994455197194637,-0.15154781005638132,0.4767499999999999,True
0.04285714285714287,0.5,0.10000000000000003,24,-0.35951178420503965,0.026999999999999996,0.17300000000000001,-0.028249999999999997,-0.024749999999999966,False,-0.004121296128949132,-0.1763037100898347,0.5210000000000001,True
0.04285714285714287,0.5571428571428572,0.09285714285714289,24,-0.4054968044407176,0.02721428571428571,0.1727857142857143,-0.028821428571428567,-0.028964285714285692,False,-0.0037399239975873014,-0.17968971138080017,0.58375,True
0.04285714285714287,0.6142857142857143,0.08571428571428574,24,-0.4514818246763957,0.027428571428571427,0.1725714285714286,-0.02939285714285714,-0.03317857142857139,False,-0.004570101543618859,-0.1877558274349853,0.6105,True
0.04285714285714287,0.6714285714285715,0.07857142857142857,24,-0.49746684491207366,0.027642857142857143,0.17235714285714288,-0.029964285714285714,-0.03739285714285712,False,-0.004086351918858127,-0.21513235480338663,0.6412500000000001,True
0.04285714285714287,0.7285714285714286,0.0714285714285714,24,-0.5434518651477517,0.027857142857142858,0.17214285714285715,-0.030535714285714288,-0.04160714285714287,False,-0.00315603004682945,-0.2462670285517054,0.698,True
0.04285714285714287,0.7857142857142857,0.06428571428571428,24,-0.5894368853834296,0.02807142857142857,0.17192857142857143,-0.031107142857142854,-0.04582142857142854,False,-0.0031814493394739978,-0.2349708865161953,0.71675,True
0.04285714285714287,0.8428571428571429,0.05714285714285715,24,-0.6354219056191077,0.028285714285714286,0.17171428571428574,-0.03167857142857143,-0.05003571428571427,False,-0.0034669911461809796,-0.2323281164845065,0.7442499999999999,True
0.04285714285714287,0.9,0.05000000000000001,24,-0.6814069258547857,0.028499999999999998,0.1715,-0.032249999999999994,-0.05424999999999994,False,-0.003152990195907655,-0.2460931818264637,0.7912500000000001,True
0.08571428571428574,0.1,0.18750000000000003,8,-0.014285714285714263,0.024375,0.175625,-0.021249999999999998,0.02687500000000001,True,0.0004189030396750214,0.2185965458154393,0.0,False
0.08571428571428574,0.15714285714285714,0.18035714285714288,24,-0.040744519933828764,0.024589285714285713,0.1754107142857143,-0.021821428571428568,0.02266071428571434,True,-0.0009402375717863501,0.15722983099408402,0.00025,False
0.08571428571428574,0.2142857142857143,0.17321428571428574,24,-0.08672954016950678,0.024803571428571425,0.1751964285714286,-0.022392857142857138,0.018446428571428614,True,-0.0037280406067024506,0.0946566543952673,0.00625,True
0.08571428571428574,0.27142857142857146,0.1660714285714286,24,-0.13271456040518478,0.02501785714285714,0.17498214285714286,-0.02296428571428571,0.014232142857142888,True,-0.004061045921464568,0.05229243342199959,0.032,True
0.08571428571428574,0.3285714285714286,0.15892857142857147,24,-0.1786995806408628,0.025232142857142852,0.17476785714285717,-0.02353571428571428,0.01001785714285719,True,-0.005352201378549729,0.013960994984668915,0.087,True
0.08571428571428574,0.3857142857142858,0.1517857142857143,24,-0.22468460087654085,0.02544642857142857,0.17455357142857145,-0.024107142857142855,0.0058035714285714635,True,-0.005404089204487353,-0.017839175560689747,0.11950000000000001,True
0.08571428571428574,0.44285714285714284,0.14464285714285718,24,-0.27066962111221876,0.025660714285714283,0.17433928571428572,-0.024678571428571425,0.0015892857142857653,True,-0.005371090347521443,-0.05529104421990436,0.20725000000000002,True
0.08571428571428574,0.5,0.13750000000000004,24,-0.3166546413478968,0.025875,0.174125,-0.025249999999999998,-0.0026249999999999885,False,-0.005158084900170232,-0.06682803933099106,0.23025,True
0.08571428571428574,0.5571428571428572,0.1303571428571429,24,-0.36263966158357475,0.026089285714285714,0.1739107142857143,-0.02582142857142857,-0.006839285714285687,False,-0.006577474771156726,-0.0885123652243531,0.30874999999999997,True
0.08571428571428574,0.6142857142857143,0.12321428571428572,24,-0.4086246818192529,0.026303571428571426,0.17369642857142858,-0.02639285714285714,-0.011053571428571413,False,-0.004429418606737479,-0.10365291806105281,0.382,True
0.08571428571428574,0.6714285714285715,0.11607142857142859,24,-0.45460970205493084,0.02651785714285714,0.17348214285714286,-0.02696428571428571,-0.01526785714285711,False,-0.004877752771016869,-0.11953237607463321,0.36899999999999994,True
0.08571428571428574,0.7285714285714286,0.10892857142857143,24,-0.5005947222906088,0.026732142857142854,0.17326785714285717,-0.02753571428571428,-0.01948214285714281,False,-0.005152185359375681,-0.15079415435825644,0.47874999999999995,True
0.08571428571428574,0.7857142857142857,0.10178571428571431,24,-0.5465797425262867,0.02694642857142857,0.17305357142857145,-0.028107142857142855,-0.023696428571428535,False,-0.0051880959279716,-0.17069215556750697,0.51,True
0.08571428571428574,0.8428571428571429,0.09464285714285717,24,-0.5925647627619647,0.027160714285714285,0.17283928571428572,-0.02867857142857143,-0.02791071428571426,False,-0.004460546093368223,-0.17575985089767884,0.5672500000000001,True
0.08571428571428574,0.9,0.08750000000000002,24,-0.6385497829976429,0.027375,0.172625,-0.029249999999999998,-0.03212499999999999,False,-0.004212536330308796,-0.19651479300679867,0.61975,True
0.12857142857142861,0.1,0.22500000000000003,0,0.0,0.023249999999999996,0.17675000000000002,-0.018249999999999995,0.049000000000000044,True,0.006493284003834268,0.49688593750000054,0.0,False
0.12857142857142861,0.15714285714285714,0.21785714285714292,8,-0.028571428571428525,0.02346428571428571,0.1765357142857143,-0.018821428571428565,0.044785714285714345,True,0.0073150112150868595,0.4760953124999996,0.0,False
0.12857142857142861,0.2142857142857143,0.21071428571428574,24,-0.0438723973123639,0.023678571428571427,0.17632142857142857,-0.01939285714285714,0.04057142857142859,True,0.006720494417879014,0.45138919294916724,0.0,False
0.12857142857142861,0.27142857142857146,0.20357142857142863,24,-0.08985741754804193,0.02389285714285714,0.17610714285714288,-0.01996428571428571,0.03635714285714292,True,0.00403827327905233,0.38573019947648224,0.0,False
0.12857142857142861,0.3285714285714286,0.19642857142857145,24,-0.13584243778371993,0.024107142857142858,0.17589285714285716,-0.020535714285714286,0.03214285714285717,True,0.0019817513898502054,0.31583417642199996,0.0,False
0.12857142857142861,0.3857142857142858,0.18928571428571428,24,-0.18182745801939793,0.02432142857142857,0.17567857142857143,-0.021107142857142852,0.02792857142857147,True,0.00025724471947281147,0.23845545860079015,0.0022500000000000003,False
0.12857142857142861,0.44285714285714284,0.18214285714285716,24,-0.2278124782550759,0.024535714285714286,0.17546428571428574,-0.021678571428571426,0.02371428571428577,True,-0.0017178738830971063,0.14869284198919744,0.010750000000000001,True
0.12857142857142861,0.5,0.17500000000000004,24,-0.2737974984907539,0.024749999999999998,0.17525000000000002,-0.022249999999999995,0.019500000000000045,True,-0.003475923690746953,0.09899431028191992,0.041749999999999995,True
0.12857142857142861,0.5571428571428572,0.16785714285714287,24,-0.3197825187264319,0.02496428571428571,0.1750357142857143,-0.022821428571428565,0.015285714285714347,True,-0.003972019248643699,0.06286696040579294,0.06799999999999999,True
0.12857142857142861,0.6142857142857143,0.1607142857142857,24,-0.36576753896210995,0.02517857142857143,0.17482142857142857,-0.023392857142857142,0.011071428571428565,True,-0.005400445943442649,0.017194386342226448,0.10124999999999999,True
0.12857142857142861,0.6714285714285715,0.15357142857142858,24,-0.41175255919778797,0.02539285714285714,0.17460714285714288,-0.023964285714285712,0.006857142857142895,True,-0.005317733120022634,-0.008398298163612886,0.15675,True
0.12857142857142861,0.7285714285714286,0.14642857142857146,24,-0.45773757943346594,0.025607142857142856,0.17439285714285716,-0.024535714285714286,0.0026428571428571412,True,-0.006319551376035265,-0.04842969277083635,0.21450000000000005,True
0.12857142857142861,0.7857142857142857,0.1392857142857143,24,-0.5037225996691439,0.02582142857142857,0.17417857142857143,-0.025107142857142856,-0.001571428571428557,False,-0.0056263565826644695,-0.07471055479406563,0.27924999999999994,True
0.12857142857142861,0.8428571428571429,0.13214285714285717,24,-0.5497076199048219,0.026035714285714287,0.17396428571428574,-0.02567857142857143,-0.005785714285714255,False,-0.006476414554016879,-0.08736599733669688,0.3325,True
0.12857142857142861,0.9,0.12500000000000006,24,-0.5956926401404999,0.02625,0.17375000000000002,-0.026249999999999996,-0.009999999999999953,False,-0.005889441243020323,-0.10279437902893633,0.36250000000000004,True
0.17142857142857143,0.1,0.26250000000000007,0,0.0,0.022125,0.177875,-0.015249999999999998,0.07112500000000002,True,0.0009797342533591409,0.4739734375000009,0.0,False
0.17142857142857143,0.15714285714285714,0.25535714285714284,0,0.0,0.022339285714285714,0.17766071428571428,-0.015821428571428573,0.06691071428571427,True,0.0025899012322659356,0.49588750000000054,0.0,False
0.17142857142857143,0.2142857142857143,0.24821428571428572,8,-0.04285714285714287,0.022553571428571426,0.1774464285714286,-0.01639285714285714,0.06269642857142861,True,0.0028232515177518654,0.5129400669642867,0.0,False
0.17142857142857143,0.27142857142857146,0.24107142857142855,24,-0.0470002746908991,0.022767857142857142,0.17723214285714287,-0.016964285714285713,0.05848214285714287,True,0.00355843245373064,0.5054938616071435,0.0,False
0.17142857142857143,0.3285714285714286,0.23392857142857143,24,-0.0929852949265771,0.022982142857142854,0.17701785714285717,-0.017535714285714283,0.05426785714285719,True,0.004781430546523468,0.5099828125000003,0.0,False
0.17142857142857143,0.3857142857142858,0.22678571428571426,24,-0.13897031516225514,0.023196428571428573,0.17680357142857145,-0.01810714285714286,0.05005357142857142,True,0.00650507587026228,0.4935464285714287,0.0,False
0.17142857142857143,0.44285714285714284,0.21964285714285714,24,-0.18495533539793305,0.023410714285714285,0.17658928571428573,-0.018678571428571426,0.04583928571428575,True,0.006681253584227864,0.4925977538450928,0.0,False
0.17142857142857143,0.5,0.2125,24,-0.23094035563361107,0.023625,0.176375,-0.01925,0.041624999999999995,True,0.0067620538902010184,0.45628269412576794,0.00075,False
0.17142857142857143,0.5571428571428572,0.20535714285714285,24,-0.2769253758692891,0.023839285714285716,0.17616071428571428,-0.019821428571428573,0.03741071428571427,True,0.004952854792098659,0.41671049980125396,0.0,False
0.17142857142857143,0.6142857142857143,0.19821428571428573,24,-0.32291039610496713,0.024053571428571428,0.1759464285714286,-0.02039285714285714,0.0331964285714286,True,0.0026189299611771985,0.33679980064926957,0.001,False
0.17142857142857143,0.6714285714285715,0.19107142857142856,24,-0.3688954163406451,0.024267857142857143,0.17573214285714286,-0.020964285714285713,0.028982142857142873,True,-0.0005902567945266178,0.24223528159711133,0.0037500000000000007,False
0.17142857142857143,0.7285714285714286,0.18392857142857139,24,-0.41488043657632306,0.024482142857142855,0.17551785714285717,-0.021535714285714283,0.024767857142857175,True,-0.002353199641358274,0.15065874070592036,0.02425,True
0.17142857142857143,0.7857142857142857,0.17678571428571427,24,-0.46086545681200103,0.02469642857142857,0.17530357142857145,-0.022107142857142856,0.02055357142857145,True,-0.004220730632640284,0.0865949139701679,0.05675,True
0.17142857142857143,0.8428571428571429,0.16964285714285715,24,-0.5068504770476792,0.024910714285714283,0.17508928571428573,-0.022678571428571426,0.01633928571428575,True,-0.006052781072802235,0.055339009730619296,0.0985,True
0.17142857142857143,0.9,0.1625,24,-0.5528354972833571,0.025124999999999998,0.174875,-0.02325,0.012124999999999997,True,-0.006225834578076526,0.00818537948706193,0.12000000000000002,True
0.21428571428571425,0.1,0.29999999999999993,0,0.0,0.021,0.17900000000000002,-0.012250000000000002,0.09325,True,-0.0009375675431818343,0.5491374999999987,0.0,False
0.21428571428571425,0.15714285714285714,0.2928571428571428,0,0.0,0.021214285714285713,0.1787857142857143,-0.012821428571428572,0.08903571428571429,True,-0.0004883189340175928,0.5034638392857136,0.0,False
0.21428571428571425,0.2142857142857143,0.2857142857142857,8,-5.551115123125783e-17,0.02142857142857143,0.17857142857142858,-0.013392857142857144,0.08482142857142858,True,0.00036901787416448604,0.47446428571428506,0.0,False
0.21428571428571425,0.27142857142857146,0.2785714285714286,8,-0.05714285714285722,0.02164285714285714,0.17835714285714288,-0.013964285714285714,0.08060714285714288,True,0.00042510680992785863,0.4373339285714274,0.0,False
0.21428571428571425,0.3285714285714286,0.27142857142857135,24,-0.05012815206943431,0.02185714285714286,0.17814285714285716,-0.014535714285714289,0.07639285714285714,True,0.0015417387630836774,0.4721196428571413,0.0,False
0.21428571428571425,0.3857142857142858,0.26428571428571423,24,-0.09611317230511233,0.02207142857142857,0.17792857142857144,-0.01510714285714286,0.07217857142857141,True,0.0013424742415677968,0.4639946428571441,0.0,False
0.21428571428571425,0.44285714285714284,0.2571428571428571,24,-0.14209819254079026,0.022285714285714287,0.1777142857142857,-0.01567857142857143,0.0679642857142857,True,0.000998658423548169,0.4760177740490768,0.0,False
0.21428571428571425,0.5,0.24999999999999997,24,-0.18808321277646825,0.0225,0.17750000000000002,-0.01625,0.06375000000000001,True,0.002769465617008427,0.4909557968185753,0.0,False
0.21428571428571425,0.5571428571428572,0.24285714285714283,24,-0.23406823301214627,0.02271428571428571,0.1772857142857143,-0.01682142857142857,0.0595357142857143,True,0.0037021050554631022,0.4886032061822898,0.0,False
0.21428571428571425,0.6142857142857143,0.23571428571428565,24,-0.2800532532478243,0.02292857142857143,0.17707142857142857,-0.017392857142857147,0.05532142857142855,True,0.004684100876481711,0.49084001431813357,0.0,False
0.21428571428571425,0.6714285714285715,0.22857142857142854,24,-0.32603827348350234,0.023142857142857142,0.17685714285714288,-0.017964285714285717,0.05110714285714285,True,0.00662943898564695,0.49895886514080107,0.0,False
0.21428571428571425,0.7285714285714286,0.2214285714285714,24,-0.37202329371918036,0.023357142857142858,0.17664285714285716,-0.018535714285714287,0.04689285714285715,True,0.00579417717166922,0.4788401433194481,0.0,False
0.21428571428571425,0.7857142857142857,0.21428571428571425,24,-0.4180083139548582,0.023571428571428573,0.17642857142857143,-0.01910714285714286,0.0426785714285714,True,0.006585445178245898,0.46325553609186637,0.0,False
0.21428571428571425,0.8428571428571429,0.20714285714285713,24,-0.4639933341905363,0.02378571428571429,0.1762142857142857,-0.019678571428571434,0.03846428571428567,True,0.004968335362816741,0.3976415320721369,0.00075,False
0.21428571428571425,0.9,0.19999999999999996,24,-0.5099783544262143,0.024,0.17600000000000002,-0.020250000000000004,0.034249999999999975,True,0.002309254086341511,0.31821418430759735,0.0017499999999999998,False
0.2571428571428572,0.1,0.3375,0,0.0,0.019875,0.180125,-0.009249999999999998,0.11537500000000002,True,0.0009654160916269877,0.5570546875000012,0.0,False
0.2571428571428572,0.15714285714285714,0.3303571428571429,0,0.0,0.020089285714285712,0.1799107142857143,-0.009821428571428566,0.11116071428571435,True,0.0007323282490539204,0.5629771205357149,0.0,False
0.2571428571428572,0.2142857142857143,0.3232142857142857,0,0.0,0.020303571428571428,0.1796964285714286,-0.010392857142857141,0.10694642857142861,True,0.0006568166340200547,0.5932354910714287,0.0,False
0.2571428571428572,0.27142857142857146,0.31607142857142856,8,-0.01428571428571429,0.020517857142857143,0.17948214285714287,-0.010964285714285711,0.10273214285714288,True,9.88047832076486e-05,0.5984288400582827,0.0,False
0.2571428571428572,0.3285714285714286,0.30892857142857144,8,-0.07142857142857145,0.020732142857142855,0.17926785714285715,-0.011535714285714283,0.09851785714285717,True,-2.0039950326215605e-05,0.6146146480819428,0.0,False
0.2571428571428572,0.3857142857142858,0.3017857142857143,24,-0.0532560294479694,0.02094642857142857,0.17905357142857145,-0.012107142857142856,0.09430357142857146,True,-2.5632218307404195e-05,0.5440174643503468,0.0,False
0.2571428571428572,0.44285714285714284,0.2946428571428572,24,-0.09924104968364733,0.021160714285714283,0.17883928571428573,-0.012678571428571424,0.09008928571428576,True,0.00013801931869260358,0.534508901036588,0.0,False
0.2571428571428572,0.5,0.28750000000000003,24,-0.14522606991932532,0.021374999999999998,0.178625,-0.013249999999999996,0.08587500000000003,True,6.406259064196677e-05,0.45205619928242086,0.0,False
0.2571428571428572,0.5571428571428572,0.28035714285714286,24,-0.19121109015500334,0.021589285714285714,0.1784107142857143,-0.013821428571428571,0.08166071428571431,True,0.0010149658233870587,0.47537036275393996,0.0,False
0.2571428571428572,0.6142857142857143,0.27321428571428574,24,-0.23719611039068136,0.021803571428571426,0.1781964285714286,-0.01439285714285714,0.07744642857142861,True,0.000974988257638695,0.46390875690439,0.0,False
0.2571428571428572,0.6714285714285715,0.2660714285714286,24,-0.2831811306263594,0.02201785714285714,0.17798214285714287,-0.014964285714285711,0.07323214285714288,True,0.0014485168299517583,0.4631718616431457,0.0,False
0.2571428571428572,0.7285714285714286,0.2589285714285714,24,-0.32916615086203743,0.022232142857142857,0.17776785714285714,-0.015535714285714285,0.06901785714285716,True,0.0017850896729805338,0.4619799261884254,0.0,False
0.2571428571428572,0.7857142857142857,0.2517857142857143,24,-0.37515117109771534,0.022446428571428572,0.17755357142857145,-0.016107142857142858,0.06480357142857145,True,0.0028060791759534727,0.47448997840526486,0.0,False
0.2571428571428572,0.8428571428571429,0.24464285714285716,24,-0.4211361913333933,0.022660714285714284,0.17733928571428573,-0.016678571428571425,0.06058928571428576,True,0.0036607351186788714,0.4828976807573639,0.0,False
0.2571428571428572,0.9,0.2375,24,-0.46712121156907144,0.022875,0.177125,-0.017249999999999998,0.05637500000000002,True,0.004163103678286447,0.4863262784360084,0.0,False
0.3,0.1,0.375,0,0.0,0.01875,0.18125000000000002,-0.006249999999999999,0.13750000000000004,True,-0.0033010871554638053,0.3240624999999987,0.0,True
0.3,0.15714285714285714,0.36785714285714277,0,0.0,0.018964285714285715,0.1810357142857143,-0.006821428571428572,0.13328571428571429,True,-0.002516047224815854,0.3714283482142841,0.0,True
0.3,0.2142857142857143,0.36071428571428565,0,0.0,0.01917857142857143,0.18082142857142858,-0.007392857142857144,0.12907142857142856,True,-0.0013196592160942947,0.4019457299430321,0.0,True
0.3,0.27142857142857146,0.35357142857142854,0,0.0,0.019392857142857142,0.18060714285714285,-0.007964285714285714,0.12485714285714286,True,0.00012143041680684748,0.4661696805468877,0.0,False
0.3,0.3285714285714286,0.3464285714285714,8,-0.028571428571428636,0.019607142857142858,0.18039285714285716,-0.008535714285714285,0.12064285714285716,True,0.00012586051078326263,0.4640547918650289,0.0,False
0.3,0.3857142857142858,0.3392857142857143,8,-0.0857142857142858,0.01982142857142857,0.18017857142857144,-0.009107142857142854,0.11642857142857146,True,0.0006779552632968617,0.5051039946687113,0.0,False
0.3,0.44285714285714284,0.3321428571428571,24,-0.056383906826504515,0.02003571428571429,0.17996428571428572,-0.009678571428571432,0.11221428571428568,True,0.0009779567765712553,0.5433332803543649,0.0,False
0.3,0.5,0.32499999999999996,24,-0.10236892706218252,0.02025,0.17975000000000002,-0.010249999999999999,0.10800000000000003,True,0.0009105641910821024,0.5467357616411014,0.0,False
0.3,0.5571428571428572,0.31785714285714284,24,-0.14835394729786053,0.020464285714285713,0.1795357142857143,-0.010821428571428569,0.10378571428571431,True,0.0008059170323455958,0.5635055136875525,0.0,False
0.3,0.6142857142857143,0.3107142857142857,24,-0.1943389675335386,0.020678571428571428,0.17932142857142858,-0.011392857142857142,0.09957142857142859,True,0.00078464922147554,0.5950930438118547,0.0,False
0.3,0.6714285714285715,0.30357142857142855,24,-0.24032398776921657,0.02089285714285714,0.17910714285714288,-0.011964285714285712,0.09535714285714289,True,0.00010915680324158933,0.595874480137596,0.0,False
0.3,0.7285714285714286,0.2964285714285714,24,-0.2863090080048946,0.02110714285714286,0.17889285714285716,-0.01253571428571429,0.09114285714285712,True,0.0012031541698862747,0.5552092170188381,0.0,False
0.3,0.7857142857142857,0.28928571428571426,24,-0.3322940282405726,0.02132142857142857,0.17867857142857144,-0.013107142857142857,0.08692857142857144,True,0.0004914946035181684,0.4863852377556162,0.0,False
0.3,0.8428571428571429,0.28214285714285714,24,-0.3782790484762506,0.021535714285714287,0.17846428571428571,-0.013678571428571429,0.08271428571428571,True,0.0010979455953621597,0.49345820354410475,0.0,False
0.3,0.9,0.275,24,-0.42426406871192857,0.02175,0.17825000000000002,-0.014249999999999999,0.07850000000000003,True,0.0010684763619240507,0.4686897017208499,0.0,False
