seed,n_motives,steps,decay_rate,growth_rate,inter_mean,inter_sd,sat_mean,sat_sd,has_pattern,pattern_length,pattern_occurrences
0,8,1000,0.34119808388360295,1,0.2,0.3,0.2,0.3,True,21,22
1,8,1000,0.3588859342379301,1,0.2,0.3,0.2,0.3,True,21,3
2,8,1000,0.3171181476121609,1,0.2,0.3,0.2,0.3,True,21,32
3,8,1000,0.26951837689391955,1,0.2,0.3,0.2,0.3,True,21,9
4,8,1000,0.3574571946729065,1,0.2,0.3,0.2,0.3,True,21,3
5,8,1000,0.3916718374686618,1,0.2,0.3,0.2,0.3,True,21,2
6,8,1000,0.401014328393578,1,0.2,0.3,0.2,0.3,True,21,4
7,8,1000,0.3323823078735448,1,0.2,0.3,0.2,0.3,True,21,7
8,8,1000,0.3203217679513454,1,0.2,0.3,0.2,0.3,True,21,2
9,8,1000,0.32949293404750707,1,0.2,0.3,0.2,0.3,True,21,4
10,8,1000,0.36838346400480765,1,0.2,0.3,0.2,0.3,True,21,2
11,8,1000,0.33698760728398025,1,0.2,0.3,0.2,0.3,True,21,2
12,8,1000,0.304270309792178,1,0.2,0.3,0.2,0.3,True,21,10
13,8,1000,0.37915553763982396,1,0.2,0.3,0.2,0.3,True,21,9
14,8,1000,0.2856900414002925,1,0.2,0.3,0.2,0.3,True,21,2
15,8,1000,0.3114760580108734,1,0.2,0.3,0.2,0.3,True,21,6
16,8,1000,0.33532987706649425,1,0.2,0.3,0.2,0.3,True,21,22
17,8,1000,0.35347875356470554,1,0.2,0.3,0.2,0.3,True,21,4
18,8,1000,0.3970319104303456,1,0.2,0.3,0.2,0.3,True,21,2
19,8,1000,0.37923495916354455,1,0.2,0.3,0.2,0.3,True,21,5
20,8,1000,0.3075553477246825,1,0.2,0.3,0.2,0.3,True,21,21
21,8,1000,0.37442011306238626,1,0.2,0.3,0.2,0.3,True,21,62
22,8,1000,0.30099989156865287,1,0.2,0.3,0.2,0.3,True,21,5
23,8,1000,0.354842481264473,1,0.2,0.3,0.2,0.3,True,21,2
24,8,1000,0.3866845302861323,1,0.2,0.3,0.2,0.3,True,21,4
25,8,1000,0.33627887170841797,1,0.2,0.3,0.2,0.3,True,21,11
26,8,1000,0.30980137677221736,1,0.2,0.3,0.2,0.3,True,21,8
27,8,1000,0.4057668304824165,1,0.2,0.3,0.2,0.3,True,21,13
28,8,1000,0.33504431240303184,1,0.2,0.3,0.2,0.3,True,21,10
29,8,1000,0.3445134163458904,1,0.2,0.3,0.2,0.3,True,21,18
30,8,1000,0.3222648974234352,1,0.2,0.3,0.2,0.3,True,21,5
31,8,1000,0.3291508871056365,1,0.2,0.3,0.2,0.3,True,21,48
32,8,1000,0.38254269490815174,1,0.2,0.3,0.2,0.3,True,21,7
33,8,1000,0.2981194404882269,1,0.2,0.3,0.2,0.3,True,21,3
34,8,1000,0.340454906641434,1,0.2,0.3,0.2,0.3,True,21,4
35,8,1000,0.33434504458955827,1,0.2,0.3,0.2,0.3,True,21,3
36,8,1000,0.31104713481736507,1,0.2,0.3,0.2,0.3,True,21,6
37,8,1000,0.40774917463503424,1,0.2,0.3,0.2,0.3,True,21,6
38,8,1000,0.3591742205098483,1,0.2,0.3,0.2,0.3,True,21,7
39,8,1000,0.3493707578061946,1,0.2,0.3,0.2,0.3,True,21,37
40,8,1000,0.3749970709280645,1,0.2,0.3,0.2,0.3,True,21,22
41,8,1000,0.27638671879351284,1,0.2,0.3,0.2,0.3,True,21,2
42,8,1000,0.2781566988146133,1,0.2,0.3,0.2,0.3,True,21,2
43,8,1000,0.4077858605504548,1,0.2,0.3,0.2,0.3,True,21,11
44,8,1000,0.34325128195904436,1,0.2,0.3,0.2,0.3,True,21,2
45,8,1000,0.2555674971661307,1,0.2,0.3,0.2,0.3,True,21,7
46,8,1000,0.3198368329316015,1,0.2,0.3,0.2,0.3,True,21,2
47,8,1000,0.32386810879902495,1,0.2,0.3,0.2,0.3,True,21,10
48,8,1000,0.35532190018428217,1,0.2,0.3,0.2,0.3,True,21,62
49,8,1000,0.39330005865812917,1,0.2,0.3,0.2,0.3,True,21,5
50,8,1000,0.39107060959442297,1,0.2,0.3,0.2,0.3,True,21,2
51,8,1000,0.315784518017181,1,0.2,0.3,0.2,0.3,True,21,2
52,8,1000,0.391965913125067,1,0.2,0.3,0.2,0.3,True,21,79
53,8,1000,0.33595197406165356,1,0.2,0.3,0.2,0.3,True,21,69
54,8,1000,0.3215443453976544,1,0.2,0.3,0.2,0.3,True,21,3
55,8,1000,0.36432159913831186,1,0.2,0.3,0.2,0.3,True,21,36
56,8,1000,0.32930162401159213,1,0.2,0.3,0.2,0.3,True,21,2
57,8,1000,0.34736035849463154,1,0.2,0.3,0.2,0.3,True,21,18
58,8,1000,0.3429939967161552,1,0.2,0.3,0.2,0.3,True,21,15
59,8,1000,0.35968997942883923,1,0.2,0.3,0.2,0.3,True,21,2
60,8,1000,0.3700281100611282,1,0.2,0.3,0.2,0.3,True,21,10
61,8,1000,0.26986482489329083,1,0.2,0.3,0.2,0.3,True,21,11
62,8,1000,0.27730278815368126,1,0.2,0.3,0.2,0.3,True,21,19
63,8,1000,0.3459496606393869,1,0.2,0.3,0.2,0.3,True,21,38
64,8,1000,0.27591055844616047,1,0.2,0.3,0.2,0.3,True,21,3
65,8,1000,0.32036938515945773,1,0.2,0.3,0.2,0.3,True,21,4
66,8,1000,0.36040184451055624,1,0.2,0.3,0.2,0.3,True,21,2
67,8,1000,0.24090013860058165,1,0.2,0.3,0.2,0.3,True,21,4
68,8,1000,0.39814514710812954,1,0.2,0.3,0.2,0.3,True,21,2
69,8,1000,0.2894235776891699,1,0.2,0.3,0.2,0.3,True,21,4
70,8,1000,0.28609741317138615,1,0.2,0.3,0.2,0.3,True,21,32
71,8,1000,0.3415062883136925,1,0.2,0.3,0.2,0.3,True,21,3
72,8,1000,0.36271859421626285,1,0.2,0.3,0.2,0.3,True,21,5
73,8,1000,0.3538180055572287,1,0.2,0.3,0.2,0.3,True,21,245
74,8,1000,0.3563225335631857,1,0.2,0.3,0.2,0.3,True,21,86
75,8,1000,0.3284521363359802,1,0.2,0.3,0.2,0.3,True,21,21
76,8,1000,0.34412985479144026,1,0.2,0.3,0.2,0.3,True,21,2
77,8,1000,0.2747087266580506,1,0.2,0.3,0.2,0.3,True,21,2
78,8,1000,0.410002518621697,1,0.2,0.3,0.2,0.3,True,21,4
79,8,1000,0.3878978245690283,1,0.2,0.3,0.2,0.3,True,21,5
80,8,1000,0.36490432693464914,1,0.2,0.3,0.2,0.3,True,21,8
81,8,1000,0.2538919639635116,1,0.2,0.3,0.2,0.3,True,21,7
82,8,1000,0.3468953258639331,1,0.2,0.3,0.2,0.3,True,21,9
83,8,1000,0.3240691172490039,1,0.2,0.3,0.2,0.3,True,21,83
84,8,1000,0.27193544276165127,1,0.2,0.3,0.2,0.3,True,21,2
85,8,1000,0.31481375407799506,1,0.2,0.3,0.2,0.3,True,21,10
86,8,1000,0.317894773171799,1,0.2,0.3,0.2,0.3,True,21,2
87,8,1000,0.29668627702230194,1,0.2,0.3,0.2,0.3,True,21,5
88,8,1000,0.3188778153283556,1,0.2,0.3,0.2,0.3,True,21,34
89,8,1000,0.29815384836309466,1,0.2,0.3,0.2,0.3,True,21,34
90,8,1000,0.37833445288604073,1,0.2,0.3,0.2,0.3,True,21,2
91,8,1000,0.43048277013579533,1,0.2,0.3,0.2,0.3,True,21,2
92,8,1000,0.2802368944490434,1,0.2,0.3,0.2,0.3,True,21,16
93,8,1000,0.3651978839780958,1,0.2,0.3,0.2,0.3,True,21,3
94,8,1000,0.3539972140202349,1,0.2,0.3,0.2,0.3,True,21,2
95,8,1000,0.33187547676771023,1,0.2,0.3,0.2,0.3,True,21,17
96,8,1000,0.3254251634213499,1,0.2,0.3,0.2,0.3,True,18,2
97,8,1000,0.29996004561555417,1,0.2,0.3,0.2,0.3,True,21,3
98,8,1000,0.2828075478698206,1,0.2,0.3,0.2,0.3,True,21,7
99,8,1000,0.38130844832286115,1,0.2,0.3,0.2,0.3,True,21,3
100,8,1000,0.3153719657837049,1,0.2,0.3,0.2,0.3,True,21,3
101,8,1000,0.3939613151816155,1,0.2,0.3,0.2,0.3,True,21,13
102,8,1000,0.3780971540186184,1,0.2,0.3,0.2,0.3,True,21,10
103,8,1000,0.32334114660568586,1,0.2,0.3,0.2,0.3,True,21,6
104,8,1000,0.33940098181832035,1,0.2,0.3,0.2,0.3,True,21,120
105,8,1000,0.35011741463551627,1,0.2,0.3,0.2,0.3,True,21,9
106,8,1000,0.2657476030011332,1,0.2,0.3,0.2,0.3,True,21,38
107,8,1000,0.3180414200947555,1,0.2,0.3,0.2,0.3,True,21,16
108,8,1000,0.40351365064044564,1,0.2,0.3,0.2,0.3,True,21,21
109,8,1000,0.41442210938682617,1,0.2,0.3,0.2,0.3,True,21,57
110,8,1000,0.3453026022788796,1,0.2,0.3,0.2,0.3,True,21,3
111,8,1000,0.3207427659548849,1,0.2,0.3,0.2,0.3,True,21,2
112,8,1000,0.3162869458496019,1,0.2,0.3,0.2,0.3,True,21,4
113,8,1000,0.34530214829411854,1,0.2,0.3,0.2,0.3,True,21,46
114,8,1000,0.31878919665068267,1,0.2,0.3,0.2,0.3,True,21,4
115,8,1000,0.3347170972904845,1,0.2,0.3,0.2,0.3,True,21,2
116,8,1000,0.3643542883196302,1,0.2,0.3,0.2,0.3,True,21,3
117,8,1000,0.43910842699270713,1,0.2,0.3,0.2,0.3,True,21,5
118,8,1000,0.3751865507588811,1,0.2,0.3,0.2,0.3,True,21,3
119,8,1000,0.3455879819967463,1,0.2,0.3,0.2,0.3,True,21,2
120,8,1000,0.36106342968727867,1,0.2,0.3,0.2,0.3,True,21,4
121,8,1000,0.3515652369323098,1,0.2,0.3,0.2,0.3,True,21,95
122,8,1000,0.2474567929400266,1,0.2,0.3,0.2,0.3,True,21,6
123,8,1000,0.38720733050727,1,0.2,0.3,0.2,0.3,True,21,4
124,8,1000,0.3566251707992034,1,0.2,0.3,0.2,0.3,True,21,2
125,8,1000,0.290082524924214,1,0.2,0.3,0.2,0.3,True,21,31
126,8,1000,0.31095124359265963,1,0.2,0.3,0.2,0.3,True,21,2
127,8,1000,0.3139697647411899,1,0.2,0.3,0.2,0.3,True,21,4
128,8,1000,0.34769961185948395,1,0.2,0.3,0.2,0.3,True,21,6
129,8,1000,0.28132458070487665,1,0.2,0.3,0.2,0.3,True,21,4
130,8,1000,0.3979488386640631,1,0.2,0.3,0.2,0.3,True,21,2
131,8,1000,0.3290347529948467,1,0.2,0.3,0.2,0.3,True,21,56
132,8,1000,0.32055656275190053,1,0.2,0.3,0.2,0.3,True,21,2
133,8,1000,0.2958412333157163,1,0.2,0.3,0.2,0.3,True,21,5
134,8,1000,0.38453994533045915,1,0.2,0.3,0.2,0.3,True,21,4
135,8,1000,0.34894351532223394,1,0.2,0.3,0.2,0.3,True,21,4
136,8,1000,0.2852362785088437,1,0.2,0.3,0.2,0.3,True,21,2
137,8,1000,0.3766267312573743,1,0.2,0.3,0.2,0.3,True,21,2
138,8,1000,0.3313593241652824,1,0.2,0.3,0.2,0.3,True,21,5
139,8,1000,0.2934831267511275,1,0.2,0.3,0.2,0.3,True,21,13
140,8,1000,0.3642836272341833,1,0.2,0.3,0.2,0.3,True,21,2
141,8,1000,0.3124312505080235,1,0.2,0.3,0.2,0.3,True,21,7
142,8,1000,0.35375767107419087,1,0.2,0.3,0.2,0.3,True,21,18
143,8,1000,0.2865757479545513,1,0.2,0.3,0.2,0.3,True,21,3
144,8,1000,0.33212176535575344,1,0.2,0.3,0.2,0.3,True,21,4
145,8,1000,0.3558701244214296,1,0.2,0.3,0.2,0.3,True,21,14
146,8,1000,0.3917414489693484,1,0.2,0.3,0.2,0.3,True,21,2
147,8,1000,0.3016443249897923,1,0.2,0.3,0.2,0.3,True,21,22
148,8,1000,0.392354750805903,1,0.2,0.3,0.2,0.3,True,21,17
149,8,1000,0.2981837563711086,1,0.2,0.3,0.2,0.3,True,21,12
150,8,1000,0.33234797108199077,1,0.2,0.3,0.2,0.3,True,21,6
151,8,1000,0.39339786375719077,1,0.2,0.3,0.2,0.3,True,21,7
152,8,1000,0.2806800162189334,1,0.2,0.3,0.2,0.3,True,21,2
153,8,1000,0.3558345525550006,1,0.2,0.3,0.2,0.3,True,21,8
154,8,1000,0.3824306605556469,1,0.2,0.3,0.2,0.3,True,21,4
155,8,1000,0.320939801438624,1,0.2,0.3,0.2,0.3,True,21,16
156,8,1000,0.3169478474585365,1,0.2,0.3,0.2,0.3,True,21,4
157,8,1000,0.30310201712716767,1,0.2,0.3,0.2,0.3,True,21,4
158,8,1000,0.3645752624496657,1,0.2,0.3,0.2,0.3,True,21,120
159,8,1000,0.3148963570815634,1,0.2,0.3,0.2,0.3,True,21,25
160,8,1000,0.3616796205787795,1,0.2,0.3,0.2,0.3,True,21,3
161,8,1000,0.36671674157346734,1,0.2,0.3,0.2,0.3,True,21,2
162,8,1000,0.3386119556656321,1,0.2,0.3,0.2,0.3,True,21,8
163,8,1000,0.37265632048206687,1,0.2,0.3,0.2,0.3,True,21,6
164,8,1000,0.343104023947677,1,0.2,0.3,0.2,0.3,True,21,3
165,8,1000,0.27631817447249507,1,0.2,0.3,0.2,0.3,True,21,2
166,8,1000,0.3161125979281477,1,0.2,0.3,0.2,0.3,True,21,2
167,8,1000,0.35860093708022883,1,0.2,0.3,0.2,0.3,True,21,3
168,8,1000,0.38398228644318344,1,0.2,0.3,0.2,0.3,True,21,2
169,8,1000,0.3197904512417196,1,0.2,0.3,0.2,0.3,True,21,2
170,8,1000,0.349352667101781,1,0.2,0.3,0.2,0.3,True,21,21
171,8,1000,0.376729994816339,1,0.2,0.3,0.2,0.3,True,21,5
172,8,1000,0.31490892942945553,1,0.2,0.3,0.2,0.3,True,21,108
173,8,1000,0.40718765666174545,1,0.2,0.3,0.2,0.3,True,21,47
174,8,1000,0.300595580126424,1,0.2,0.3,0.2,0.3,True,21,6
175,8,1000,0.3304683364337147,1,0.2,0.3,0.2,0.3,True,21,16
176,8,1000,0.34626837021850093,1,0.2,0.3,0.2,0.3,True,21,5
177,8,1000,0.3928252011441938,1,0.2,0.3,0.2,0.3,True,21,2
178,8,1000,0.3393649432766085,1,0.2,0.3,0.2,0.3,True,21,8
179,8,1000,0.4468679536454116,1,0.2,0.3,0.2,0.3,True,21,3
180,8,1000,0.30519900091505103,1,0.2,0.3,0.2,0.3,True,21,8
181,8,1000,0.3307519799268385,1,0.2,0.3,0.2,0.3,True,21,25
182,8,1000,0.35932732336994455,1,0.2,0.3,0.2,0.3,True,21,2
183,8,1000,0.38041973077441826,1,0.2,0.3,0.2,0.3,True,21,2
184,8,1000,0.43098764454811656,1,0.2,0.3,0.2,0.3,True,21,79
185,8,1000,0.3471730244520564,1,0.2,0.3,0.2,0.3,True,21,3
186,8,1000,0.3956254603941568,1,0.2,0.3,0.2,0.3,True,21,2
187,8,1000,0.27429941718982076,1,0.2,0.3,0.2,0.3,True,21,8
188,8,1000,0.3799174906406132,1,0.2,0.3,0.2,0.3,True,21,2
189,8,1000,0.2847646883066031,1,0.2,0.3,0.2,0.3,True,21,10
190,8,1000,0.37925950993215257,1,0.2,0.3,0.2,0.3,True,21,2
191,8,1000,0.3250967739954132,1,0.2,0.3,0.2,0.3,True,21,9
192,8,1000,0.3543900728443938,1,0.2,0.3,0.2,0.3,True,21,37
193,8,1000,0.34742344393860053,1,0.2,0.3,0.2,0.3,True,21,3
194,8,1000,0.30539847668148123,1,0.2,0.3,0.2,0.3,True,21,175
195,8,1000,0.39229211920994256,1,0.2,0.3,0.2,0.3,True,21,10
196,8,1000,0.32450285269897833,1,0.2,0.3,0.2,0.3,True,21,2
197,8,1000,0.41210130295256525,1,0.2,0.3,0.2,0.3,True,21,4
198,8,1000,0.27429284451932767,1,0.2,0.3,0.2,0.3,True,21,2
199,8,1000,0.333659274810097,1,0.2,0.3,0.2,0.3,True,21,12
200,8,1000,0.3889028986330449,1,0.2,0.3,0.2,0.3,True,21,5
201,8,1000,0.39694226855535764,1,0.2,0.3,0.2,0.3,True,21,8
202,8,1000,0.3067722011626491,1,0.2,0.3,0.2,0.3,True,21,2
203,8,1000,0.373831211297107,1,0.2,0.3,0.2,0.3,True,21,62
204,8,1000,0.40803034828878937,1,0.2,0.3,0.2,0.3,True,21,2
205,8,1000,0.3329976873474348,1,0.2,0.3,0.2,0.3,True,21,11
206,8,1000,0.31925681967228325,1,0.2,0.3,0.2,0.3,True,21,188
207,8,1000,0.36025250913204443,1,0.2,0.3,0.2,0.3,True,21,7
208,8,1000,0.31953121687054203,1,0.2,0.3,0.2,0.3,True,21,81
209,8,1000,0.38104305735475175,1,0.2,0.3,0.2,0.3,True,21,3
210,8,1000,0.2647557511058106,1,0.2,0.3,0.2,0.3,True,21,245
211,8,1000,0.38753790691923257,1,0.2,0.3,0.2,0.3,True,21,21
212,8,1000,0.37320098972732024,1,0.2,0.3,0.2,0.3,True,21,4
213,8,1000,0.3199564364848044,1,0.2,0.3,0.2,0.3,True,21,5
214,8,1000,0.3028767397222123,1,0.2,0.3,0.2,0.3,True,21,7
215,8,1000,0.35042895482073994,1,0.2,0.3,0.2,0.3,True,21,33
216,8,1000,0.3815216370443345,1,0.2,0.3,0.2,0.3,True,21,2
217,8,1000,0.4084434472651482,1,0.2,0.3,0.2,0.3,True,21,6
218,8,1000,0.36411780323410387,1,0.2,0.3,0.2,0.3,True,21,2
219,8,1000,0.3730262808761284,1,0.2,0.3,0.2,0.3,True,21,4
220,8,1000,0.2603356386241334,1,0.2,0.3,0.2,0.3,True,21,15
221,8,1000,0.3722714549070009,1,0.2,0.3,0.2,0.3,True,21,3
222,8,1000,0.34228649853884674,1,0.2,0.3,0.2,0.3,True,21,2
223,8,1000,0.3018000769163023,1,0.2,0.3,0.2,0.3,True,21,3
224,8,1000,0.3045548105657992,1,0.2,0.3,0.2,0.3,True,21,2
225,8,1000,0.36576837053993044,1,0.2,0.3,0.2,0.3,True,21,50
226,8,1000,0.3871945773772687,1,0.2,0.3,0.2,0.3,True,18,2
227,8,1000,0.32090110501913455,1,0.2,0.3,0.2,0.3,True,21,45
228,8,1000,0.3142860109061276,1,0.2,0.3,0.2,0.3,True,21,2
229,8,1000,0.3819808241566439,1,0.2,0.3,0.2,0.3,True,21,3
230,8,1000,0.3345688631248857,1,0.2,0.3,0.2,0.3,True,21,70
231,8,1000,0.32089418695796873,1,0.2,0.3,0.2,0.3,True,21,2
232,8,1000,0.31565936250180066,1,0.2,0.3,0.2,0.3,True,21,2
233,8,1000,0.38343580286077056,1,0.2,0.3,0.2,0.3,True,21,54
234,8,1000,0.3594369233291011,1,0.2,0.3,0.2,0.3,True,21,2
235,8,1000,0.31421829983463834,1,0.2,0.3,0.2,0.3,True,21,8
236,8,1000,0.352111689751983,1,0.2,0.3,0.2,0.3,True,21,2
237,8,1000,0.32745707539436925,1,0.2,0.3,0.2,0.3,True,21,8
238,8,1000,0.35854813148651116,1,0.2,0.3,0.2,0.3,True,21,2
239,8,1000,0.4264534275853382,1,0.2,0.3,0.2,0.3,True,21,5
240,8,1000,0.32460718374986397,1,0.2,0.3,0.2,0.3,True,21,2
241,8,1000,0.32495244890465014,1,0.2,0.3,0.2,0.3,True,21,2
242,8,1000,0.3800675509701995,1,0.2,0.3,0.2,0.3,True,21,2
243,8,1000,0.33918411149188604,1,0.2,0.3,0.2,0.3,True,21,91
244,8,1000,0.3437794347702622,1,0.2,0.3,0.2,0.3,True,21,5
245,8,1000,0.30318263141916646,1,0.2,0.3,0.2,0.3,True,21,2
246,8,1000,0.43730112649376884,1,0.2,0.3,0.2,0.3,True,21,5
247,8,1000,0.3146962788918331,1,0.2,0.3,0.2,0.3,True,21,3
248,8,1000,0.41245892436272363,1,0.2,0.3,0.2,0.3,True,21,9
249,8,1000,0.2691521326490334,1,0.2,0.3,0.2,0.3,True,21,73
250,8,1000,0.2980481991222283,1,0.2,0.3,0.2,0.3,True,21,5
251,8,1000,0.30976321732112005,1,0.2,0.3,0.2,0.3,True,21,195
252,8,1000,0.36770621762179506,1,0.2,0.3,0.2,0.3,True,21,6
253,8,1000,0.3942749846453199,1,0.2,0.3,0.2,0.3,True,21,71
254,8,1000,0.36240012834479224,1,0.2,0.3,0.2,0.3,True,21,22
255,8,1000,0.34654954179430775,1,0.2,0.3,0.2,0.3,True,21,2
256,8,1000,0.33697453958499146,1,0.2,0.3,0.2,0.3,True,21,2
257,8,1000,0.31756950875770595,1,0.2,0.3,0.2,0.3,True,21,25
258,8,1000,0.3103753713620544,1,0.2,0.3,0.2,0.3,True,21,45
259,8,1000,0.32777018796761753,1,0.2,0.3,0.2,0.3,True,21,2
260,8,1000,0.350472013283658,1,0.2,0.3,0.2,0.3,True,21,3
261,8,1000,0.33991171556860983,1,0.2,0.3,0.2,0.3,True,21,3
262,8,1000,0.33037966077299974,1,0.2,0.3,0.2,0.3,True,21,3
263,8,1000,0.35167679480637715,1,0.2,0.3,0.2,0.3,True,21,2
264,8,1000,0.3565950274390565,1,0.2,0.3,0.2,0.3,True,21,2
265,8,1000,0.37561366496250687,1,0.2,0.3,0.2,0.3,True,21,11
266,8,1000,0.4034643481233547,1,0.2,0.3,0.2,0.3,True,21,106
267,8,1000,0.3441781331578576,1,0.2,0.3,0.2,0.3,True,21,3
268,8,1000,0.3362618821003422,1,0.2,0.3,0.2,0.3,True,21,2
269,8,1000,0.308713367766264,1,0.2,0.3,0.2,0.3,True,21,2
270,8,1000,0.29013322330273483,1,0.2,0.3,0.2,0.3,True,21,7
271,8,1000,0.371578322622489,1,0.2,0.3,0.2,0.3,True,21,120
272,8,1000,0.3315943972626389,1,0.2,0.3,0.2,0.3,True,21,28
273,8,1000,0.30623914057333007,1,0.2,0.3,0.2,0.3,True,21,4
274,8,1000,0.2444188624918228,1,0.2,0.3,0.2,0.3,True,21,2
275,8,1000,0.4226381079198295,1,0.2,0.3,0.2,0.3,True,21,63
276,8,1000,0.3465482595377653,1,0.2,0.3,0.2,0.3,True,21,3
277,8,1000,0.3374282029410106,1,0.2,0.3,0.2,0.3,True,21,2
278,8,1000,0.39610245202962463,1,0.2,0.3,0.2,0.3,True,21,2
279,8,1000,0.38590574614795375,1,0.2,0.3,0.2,0.3,True,21,5
280,8,1000,0.3698116900163054,1,0.2,0.3,0.2,0.3,True,21,20
281,8,1000,0.24509599379155356,1,0.2,0.3,0.2,0.3,True,21,4
282,8,1000,0.3306841067098562,1,0.2,0.3,0.2,0.3,True,21,2
283,8,1000,0.3299177612688903,1,0.2,0.3,0.2,0.3,True,21,2
284,8,1000,0.3568365376358255,1,0.2,0.3,0.2,0.3,True,21,2
285,8,1000,0.2977732119016046,1,0.2,0.3,0.2,0.3,True,21,20
286,8,1000,0.3264277177991057,1,0.2,0.3,0.2,0.3,True,21,2
287,8,1000,0.40531695921821115,1,0.2,0.3,0.2,0.3,True,21,243
288,8,1000,0.3962149994753607,1,0.2,0.3,0.2,0.3,True,21,62
289,8,1000,0.37698790278899985,1,0.2,0.3,0.2,0.3,True,21,10
290,8,1000,0.35538924450003645,1,0.2,0.3,0.2,0.3,True,21,4
291,8,1000,0.36914799074643184,1,0.2,0.3,0.2,0.3,True,21,5
292,8,1000,0.2787477599846274,1,0.2,0.3,0.2,0.3,True,21,153
293,8,1000,0.31789494523330025,1,0.2,0.3,0.2,0.3,True,21,3
294,8,1000,0.28969947128256684,1,0.2,0.3,0.2,0.3,True,21,22
295,8,1000,0.26829459813047346,1,0.2,0.3,0.2,0.3,True,21,6
296,8,1000,0.355150232504767,1,0.2,0.3,0.2,0.3,True,21,3
297,8,1000,0.37692470879670065,1,0.2,0.3,0.2,0.3,True,21,39
298,8,1000,0.34819931740699933,1,0.2,0.3,0.2,0.3,True,21,2
299,8,1000,0.2751227617871243,1,0.2,0.3,0.2,0.3,True,21,2
300,8,1000,0.3681046886720979,1,0.2,0.3,0.2,0.3,True,21,8
301,8,1000,0.3716830740095674,1,0.2,0.3,0.2,0.3,True,21,2
302,8,1000,0.29392011097639364,1,0.2,0.3,0.2,0.3,True,21,2
303,8,1000,0.3454408934019509,1,0.2,0.3,0.2,0.3,True,21,2
304,8,1000,0.27954767391037416,1,0.2,0.3,0.2,0.3,True,21,19
305,8,1000,0.41999019831204987,1,0.2,0.3,0.2,0.3,True,21,62
306,8,1000,0.3527143428087527,1,0.2,0.3,0.2,0.3,True,21,2
307,8,1000,0.37277451954447755,1,0.2,0.3,0.2,0.3,True,21,95
308,8,1000,0.3139570385664171,1,0.2,0.3,0.2,0.3,True,21,2
309,8,1000,0.3332686818294897,1,0.2,0.3,0.2,0.3,True,21,3
310,8,1000,0.37072055374497104,1,0.2,0.3,0.2,0.3,True,21,3
311,8,1000,0.2966064296693301,1,0.2,0.3,0.2,0.3,True,21,2
312,8,1000,0.3349974239335135,1,0.2,0.3,0.2,0.3,True,21,31
313,8,1000,0.3029008801375456,1,0.2,0.3,0.2,0.3,True,21,27
314,8,1000,0.3202024142257587,1,0.2,0.3,0.2,0.3,True,21,3
315,8,1000,0.32455572249087733,1,0.2,0.3,0.2,0.3,True,21,3
316,8,1000,0.3695802336913885,1,0.2,0.3,0.2,0.3,True,21,2
317,8,1000,0.32065650470587265,1,0.2,0.3,0.2,0.3,True,21,6
318,8,1000,0.3596419858377398,1,0.2,0.3,0.2,0.3,True,21,6
319,8,1000,0.31577985468423136,1,0.2,0.3,0.2,0.3,True,21,3
320,8,1000,0.2976823831220741,1,0.2,0.3,0.2,0.3,True,21,10
321,8,1000,0.315920705784167,1,0.2,0.3,0.2,0.3,True,21,11
322,8,1000,0.3309244641995824,1,0.2,0.3,0.2,0.3,True,21,2
323,8,1000,0.3811484546552597,1,0.2,0.3,0.2,0.3,True,21,5
324,8,1000,0.3621499985638334,1,0.2,0.3,0.2,0.3,True,21,4
325,8,1000,0.4312612709770565,1,0.2,0.3,0.2,0.3,True,21,78
326,8,1000,0.2990853896277977,1,0.2,0.3,0.2,0.3,True,21,72
327,8,1000,0.28438449825501116,1,0.2,0.3,0.2,0.3,True,21,4
328,8,1000,0.37556683451046596,1,0.2,0.3,0.2,0.3,True,21,8
329,8,1000,0.33287517619381884,1,0.2,0.3,0.2,0.3,True,21,5
330,8,1000,0.31615621009616085,1,0.2,0.3,0.2,0.3,True,21,3
331,8,1000,0.3335650207362168,1,0.2,0.3,0.2,0.3,True,21,14
332,8,1000,0.33581443278478346,1,0.2,0.3,0.2,0.3,True,21,4
333,8,1000,0.3273805697361628,1,0.2,0.3,0.2,0.3,True,21,3
334,8,1000,0.35169093642126686,1,0.2,0.3,0.2,0.3,True,21,8
335,8,1000,0.3457014374026076,1,0.2,0.3,0.2,0.3,True,21,2
336,8,1000,0.3173900216460249,1,0.2,0.3,0.2,0.3,True,21,2
337,8,1000,0.36523660956440274,1,0.2,0.3,0.2,0.3,True,21,51
338,8,1000,0.3334543042349306,1,0.2,0.3,0.2,0.3,True,21,38
339,8,1000,0.30815249111126597,1,0.2,0.3,0.2,0.3,True,21,12
340,8,1000,0.31521252121995663,1,0.2,0.3,0.2,0.3,True,21,2
341,8,1000,0.38431864023624346,1,0.2,0.3,0.2,0.3,True,21,2
342,8,1000,0.3254559610103378,1,0.2,0.3,0.2,0.3,True,21,2
343,8,1000,0.35544514975207164,1,0.2,0.3,0.2,0.3,True,21,53
344,8,1000,0.4240320918717521,1,0.2,0.3,0.2,0.3,True,21,9
345,8,1000,0.3525211671979077,1,0.2,0.3,0.2,0.3,True,21,10
346,8,1000,0.3317625969358615,1,0.2,0.3,0.2,0.3,True,21,4
347,8,1000,0.31602302952083833,1,0.2,0.3,0.2,0.3,True,21,2
348,8,1000,0.3776126076270275,1,0.2,0.3,0.2,0.3,True,21,2
349,8,1000,0.34681947445360606,1,0.2,0.3,0.2,0.3,True,21,4
350,8,1000,0.32589162682997136,1,0.2,0.3,0.2,0.3,True,21,2
351,8,1000,0.3201377690241127,1,0.2,0.3,0.2,0.3,True,21,2
352,8,1000,0.3828642468057969,1,0.2,0.3,0.2,0.3,True,21,117
353,8,1000,0.3466247647353468,1,0.2,0.3,0.2,0.3,True,21,32
354,8,1000,0.3582096660437465,1,0.2,0.3,0.2,0.3,True,21,11
355,8,1000,0.4171064321516074,1,0.2,0.3,0.2,0.3,True,21,12
356,8,1000,0.301035937558051,1,0.2,0.3,0.2,0.3,True,21,57
357,8,1000,0.39002118562362476,1,0.2,0.3,0.2,0.3,True,21,9
358,8,1000,0.35968725859682643,1,0.2,0.3,0.2,0.3,True,21,14
359,8,1000,0.3844723942114306,1,0.2,0.3,0.2,0.3,True,21,2
360,8,1000,0.3030544598383864,1,0.2,0.3,0.2,0.3,True,21,2
361,8,1000,0.3229255098623919,1,0.2,0.3,0.2,0.3,True,21,2
362,8,1000,0.36660309647319217,1,0.2,0.3,0.2,0.3,True,21,2
363,8,1000,0.3890701493841178,1,0.2,0.3,0.2,0.3,True,21,2
364,8,1000,0.3763909784433694,1,0.2,0.3,0.2,0.3,True,21,3
365,8,1000,0.33101612967688215,1,0.2,0.3,0.2,0.3,True,21,84
366,8,1000,0.38926516292451474,1,0.2,0.3,0.2,0.3,True,21,2
367,8,1000,0.26016190894951313,1,0.2,0.3,0.2,0.3,True,21,2
368,8,1000,0.3295954632814487,1,0.2,0.3,0.2,0.3,True,21,2
369,8,1000,0.3215298256291591,1,0.2,0.3,0.2,0.3,True,21,15
370,8,1000,0.35141731414439237,1,0.2,0.3,0.2,0.3,True,18,2
371,8,1000,0.3536455307085367,1,0.2,0.3,0.2,0.3,True,21,4
372,8,1000,0.31387127663375225,1,0.2,0.3,0.2,0.3,True,21,13
373,8,1000,0.37330418152739664,1,0.2,0.3,0.2,0.3,True,21,2
374,8,1000,0.32512204773036235,1,0.2,0.3,0.2,0.3,True,21,2
375,8,1000,0.3719610769268513,1,0.2,0.3,0.2,0.3,True,21,71
376,8,1000,0.3516426123907389,1,0.2,0.3,0.2,0.3,True,21,13
377,8,1000,0.39723827173768006,1,0.2,0.3,0.2,0.3,True,21,2
378,8,1000,0.39656617244932646,1,0.2,0.3,0.2,0.3,True,21,88
379,8,1000,0.42257962193409376,1,0.2,0.3,0.2,0.3,True,21,53
380,8,1000,0.3310772581411633,1,0.2,0.3,0.2,0.3,True,21,3
381,8,1000,0.3914407747770506,1,0.2,0.3,0.2,0.3,True,21,120
382,8,1000,0.3737945918872779,1,0.2,0.3,0.2,0.3,True,21,17
383,8,1000,0.4407572287020929,1,0.2,0.3,0.2,0.3,True,21,68
384,8,1000,0.3383685997205652,1,0.2,0.3,0.2,0.3,True,21,5
385,8,1000,0.31780783631588083,1,0.2,0.3,0.2,0.3,True,21,44
386,8,1000,0.2981138732411498,1,0.2,0.3,0.2,0.3,True,21,2
387,8,1000,0.3637396627408559,1,0.2,0.3,0.2,0.3,True,21,2
388,8,1000,0.2962954774818985,1,0.2,0.3,0.2,0.3,True,21,37
389,8,1000,0.30870313573563724,1,0.2,0.3,0.2,0.3,True,21,2
390,8,1000,0.3372295025705032,1,0.2,0.3,0.2,0.3,True,21,4
391,8,1000,0.3207120746369863,1,0.2,0.3,0.2,0.3,True,21,3
392,8,1000,0.32085423292956694,1,0.2,0.3,0.2,0.3,True,21,2
393,8,1000,0.23671557129524654,1,0.2,0.3,0.2,0.3,True,21,2
394,8,1000,0.41660721148957897,1,0.2,0.3,0.2,0.3,True,21,3
395,8,1000,0.29713595788900105,1,0.2,0.3,0.2,0.3,True,21,22
396,8,1000,0.41801941397890285,1,0.2,0.3,0.2,0.3,True,21,9
397,8,1000,0.3309063070253234,1,0.2,0.3,0.2,0.3,True,21,45
398,8,1000,0.36014649867719584,1,0.2,0.3,0.2,0.3,True,21,15
399,8,1000,0.35500078332167523,1,0.2,0.3,0.2,0.3,True,21,9
400,8,1000,0.41718115312529047,1,0.2,0.3,0.2,0.3,True,21,2
401,8,1000,0.3453224591370496,1,0.2,0.3,0.2,0.3,True,20,2
402,8,1000,0.3478604822515753,1,0.2,0.3,0.2,0.3,True,21,4
403,8,1000,0.2812380142364136,1,0.2,0.3,0.2,0.3,True,21,4
404,8,1000,0.41218209033279446,1,0.2,0.3,0.2,0.3,True,21,2
405,8,1000,0.33526897236869185,1,0.2,0.3,0.2,0.3,True,21,47
406,8,1000,0.3608218170954185,1,0.2,0.3,0.2,0.3,True,21,2
407,8,1000,0.39920348597962974,1,0.2,0.3,0.2,0.3,True,21,3
408,8,1000,0.30671698880620546,1,0.2,0.3,0.2,0.3,True,21,6
409,8,1000,0.2647601876292486,1,0.2,0.3,0.2,0.3,True,21,3
410,8,1000,0.34147926447171134,1,0.2,0.3,0.2,0.3,True,21,2
411,8,1000,0.34233430330761816,1,0.2,0.3,0.2,0.3,True,21,2
412,8,1000,0.29663442559758885,1,0.2,0.3,0.2,0.3,True,21,16
413,8,1000,0.3756813194534422,1,0.2,0.3,0.2,0.3,True,21,2
414,8,1000,0.3263887136962884,1,0.2,0.3,0.2,0.3,True,21,2
415,8,1000,0.3151140580711364,1,0.2,0.3,0.2,0.3,True,21,2
416,8,1000,0.35846964798614855,1,0.2,0.3,0.2,0.3,True,21,2
417,8,1000,0.314690298940512,1,0.2,0.3,0.2,0.3,True,21,2
418,8,1000,0.32638892238153744,1,0.2,0.3,0.2,0.3,True,21,25
419,8,1000,0.4212454064913088,1,0.2,0.3,0.2,0.3,True,21,21
420,8,1000,0.2855256384551111,1,0.2,0.3,0.2,0.3,True,21,2
421,8,1000,0.3405865886383782,1,0.2,0.3,0.2,0.3,True,21,2
422,8,1000,0.2512067198064302,1,0.2,0.3,0.2,0.3,True,21,49
423,8,1000,0.3916002519740166,1,0.2,0.3,0.2,0.3,True,21,6
424,8,1000,0.2038562537007742,1,0.2,0.3,0.2,0.3,True,21,2
425,8,1000,0.38819404703282206,1,0.2,0.3,0.2,0.3,True,21,19
426,8,1000,0.2858037359113724,1,0.2,0.3,0.2,0.3,True,21,10
427,8,1000,0.393057286465735,1,0.2,0.3,0.2,0.3,True,21,4
428,8,1000,0.3339880231931243,1,0.2,0.3,0.2,0.3,True,21,2
429,8,1000,0.33933553813245965,1,0.2,0.3,0.2,0.3,True,21,15
430,8,1000,0.33972211046373213,1,0.2,0.3,0.2,0.3,True,21,4
431,8,1000,0.3060154376876905,1,0.2,0.3,0.2,0.3,True,21,6
432,8,1000,0.3369745780145372,1,0.2,0.3,0.2,0.3,True,21,3
433,8,1000,0.3664289954673956,1,0.2,0.3,0.2,0.3,True,21,20
434,8,1000,0.2907668660710132,1,0.2,0.3,0.2,0.3,True,21,3
435,8,1000,0.3115691159060726,1,0.2,0.3,0.2,0.3,True,21,3
436,8,1000,0.25734266767867087,1,0.2,0.3,0.2,0.3,True,21,3
437,8,1000,0.32708296807656473,1,0.2,0.3,0.2,0.3,True,21,8
438,8,1000,0.3420761295105197,1,0.2,0.3,0.2,0.3,True,21,24
439,8,1000,0.3225763307987687,1,0.2,0.3,0.2,0.3,True,21,19
440,8,1000,0.31110405660588814,1,0.2,0.3,0.2,0.3,True,21,4
441,8,1000,0.33981457995833136,1,0.2,0.3,0.2,0.3,True,21,3
442,8,1000,0.3270760010392351,1,0.2,0.3,0.2,0.3,True,21,5
443,8,1000,0.3332883331354899,1,0.2,0.3,0.2,0.3,True,21,3
444,8,1000,0.32558745423780433,1,0.2,0.3,0.2,0.3,True,21,97
445,8,1000,0.34201213762655014,1,0.2,0.3,0.2,0.3,True,21,2
446,8,1000,0.35046401588455206,1,0.2,0.3,0.2,0.3,True,21,3
447,8,1000,0.3783383744246062,1,0.2,0.3,0.2,0.3,True,21,2
448,8,1000,0.3815845945278388,1,0.2,0.3,0.2,0.3,True,20,2
449,8,1000,0.41305426042684257,1,0.2,0.3,0.2,0.3,True,21,16
450,8,1000,0.3042990953739278,1,0.2,0.3,0.2,0.3,True,21,10
451,8,1000,0.2936531446204637,1,0.2,0.3,0.2,0.3,True,21,4
452,8,1000,0.2969393074804287,1,0.2,0.3,0.2,0.3,True,21,2
453,8,1000,0.3250021885446786,1,0.2,0.3,0.2,0.3,True,21,13
454,8,1000,0.3562844090807306,1,0.2,0.3,0.2,0.3,True,21,8
455,8,1000,0.4032047455368037,1,0.2,0.3,0.2,0.3,True,21,6
456,8,1000,0.35541865678201273,1,0.2,0.3,0.2,0.3,True,21,3
457,8,1000,0.28757779776344755,1,0.2,0.3,0.2,0.3,True,21,27
458,8,1000,0.34452299602984987,1,0.2,0.3,0.2,0.3,True,21,20
459,8,1000,0.39201718233812066,1,0.2,0.3,0.2,0.3,True,21,55
460,8,1000,0.3355975644513185,1,0.2,0.3,0.2,0.3,True,21,35
461,8,1000,0.2957135325498158,1,0.2,0.3,0.2,0.3,True,21,2
462,8,1000,0.37866677448011504,1,0.2,0.3,0.2,0.3,True,21,3
463,8,1000,0.4330001669276729,1,0.2,0.3,0.2,0.3,True,21,4
464,8,1000,0.3562237858569447,1,0.2,0.3,0.2,0.3,True,21,3
465,8,1000,0.3254600001602235,1,0.2,0.3,0.2,0.3,True,21,6
466,8,1000,0.3282706878494312,1,0.2,0.3,0.2,0.3,True,21,3
467,8,1000,0.34642465731140876,1,0.2,0.3,0.2,0.3,True,21,13
468,8,1000,0.22360440487276062,1,0.2,0.3,0.2,0.3,True,21,14
469,8,1000,0.322312645741888,1,0.2,0.3,0.2,0.3,True,21,9
470,8,1000,0.3752016769115097,1,0.2,0.3,0.2,0.3,True,21,5
471,8,1000,0.3756525046486034,1,0.2,0.3,0.2,0.3,True,21,2
472,8,1000,0.34203637760477085,1,0.2,0.3,0.2,0.3,True,21,3
473,8,1000,0.3793201636552843,1,0.2,0.3,0.2,0.3,True,21,48
474,8,1000,0.3604228867055616,1,0.2,0.3,0.2,0.3,True,21,2
475,8,1000,0.34412369818742355,1,0.2,0.3,0.2,0.3,True,21,7
476,8,1000,0.36100937242148573,1,0.2,0.3,0.2,0.3,True,21,2
477,8,1000,0.3395064179118806,1,0.2,0.3,0.2,0.3,True,21,2
478,8,1000,0.2368642587789415,1,0.2,0.3,0.2,0.3,True,21,3
479,8,1000,0.3583574909694584,1,0.2,0.3,0.2,0.3,True,21,8
480,8,1000,0.3747645106960776,1,0.2,0.3,0.2,0.3,True,21,2
481,8,1000,0.3899184968052058,1,0.2,0.3,0.2,0.3,True,21,77
482,8,1000,0.46232452984609684,1,0.2,0.3,0.2,0.3,True,21,195
483,8,1000,0.2671873384244548,1,0.2,0.3,0.2,0.3,True,21,3
484,8,1000,0.3653637676002573,1,0.2,0.3,0.2,0.3,True,21,58
485,8,1000,0.4228768883540775,1,0.2,0.3,0.2,0.3,True,21,3
486,8,1000,0.3452797197478648,1,0.2,0.3,0.2,0.3,True,21,2
487,8,1000,0.3718054018518184,1,0.2,0.3,0.2,0.3,True,21,4
488,8,1000,0.31877498635493096,1,0.2,0.3,0.2,0.3,True,21,2
489,8,1000,0.3581960514713157,1,0.2,0.3,0.2,0.3,True,21,239
490,8,1000,0.41243959150900167,1,0.2,0.3,0.2,0.3,True,21,2
491,8,1000,0.3341008575663687,1,0.2,0.3,0.2,0.3,True,21,2
492,8,1000,0.31729950219743763,1,0.2,0.3,0.2,0.3,True,21,6
493,8,1000,0.3644814890127987,1,0.2,0.3,0.2,0.3,True,21,2
494,8,1000,0.41750259141722357,1,0.2,0.3,0.2,0.3,True,21,72
495,8,1000,0.38312729628611575,1,0.2,0.3,0.2,0.3,True,21,20
496,8,1000,0.42949990432910684,1,0.2,0.3,0.2,0.3,True,21,2
497,8,1000,0.3549642976885204,1,0.2,0.3,0.2,0.3,True,21,11
498,8,1000,0.3485656742238912,1,0.2,0.3,0.2,0.3,True,21,3
499,8,1000,0.3825341506984074,1,0.2,0.3,0.2,0.3,True,21,7
500,8,1000,0.39847177118759325,1,0.2,0.3,0.2,0.3,True,21,3
501,8,1000,0.3689724885900792,1,0.2,0.3,0.2,0.3,True,21,7
502,8,1000,0.3555779598565931,1,0.2,0.3,0.2,0.3,True,21,11
503,8,1000,0.39299969287536995,1,0.2,0.3,0.2,0.3,True,21,6
504,8,1000,0.3588351485471574,1,0.2,0.3,0.2,0.3,True,21,12
505,8,1000,0.34074047183719786,1,0.2,0.3,0.2,0.3,True,21,12
506,8,1000,0.3617467947832168,1,0.2,0.3,0.2,0.3,True,21,3
507,8,1000,0.3538598544262313,1,0.2,0.3,0.2,0.3,True,20,2
508,8,1000,0.32151322996196413,1,0.2,0.3,0.2,0.3,True,21,242
509,8,1000,0.38588674067268486,1,0.2,0.3,0.2,0.3,True,21,60
510,8,1000,0.3475745635484028,1,0.2,0.3,0.2,0.3,True,21,72
511,8,1000,0.36982805409008684,1,0.2,0.3,0.2,0.3,True,21,2
512,8,1000,0.36023532164443156,1,0.2,0.3,0.2,0.3,True,21,17
513,8,1000,0.37510725934912853,1,0.2,0.3,0.2,0.3,True,21,6
514,8,1000,0.3626256741805006,1,0.2,0.3,0.2,0.3,True,21,2
515,8,1000,0.3991502252696207,1,0.2,0.3,0.2,0.3,True,21,14
516,8,1000,0.31137202122573104,1,0.2,0.3,0.2,0.3,True,21,3
517,8,1000,0.3013782382344682,1,0.2,0.3,0.2,0.3,True,21,2
518,8,1000,0.2800499166558535,1,0.2,0.3,0.2,0.3,True,21,2
519,8,1000,0.3854023947162069,1,0.2,0.3,0.2,0.3,True,21,3
520,8,1000,0.3243655598967865,1,0.2,0.3,0.2,0.3,True,21,2
521,8,1000,0.2708155450533127,1,0.2,0.3,0.2,0.3,True,21,2
522,8,1000,0.2788676757389211,1,0.2,0.3,0.2,0.3,True,21,7
523,8,1000,0.3306609443229636,1,0.2,0.3,0.2,0.3,True,21,10
524,8,1000,0.39618784136583957,1,0.2,0.3,0.2,0.3,True,21,10
525,8,1000,0.42460887721923785,1,0.2,0.3,0.2,0.3,True,21,11
526,8,1000,0.3063117806289996,1,0.2,0.3,0.2,0.3,True,21,4
527,8,1000,0.32817406656652054,1,0.2,0.3,0.2,0.3,True,21,2
528,8,1000,0.3477857492971113,1,0.2,0.3,0.2,0.3,True,21,2
529,8,1000,0.3181299911287711,1,0.2,0.3,0.2,0.3,True,21,3
530,8,1000,0.3554813162871104,1,0.2,0.3,0.2,0.3,True,21,2
531,8,1000,0.33093447470500525,1,0.2,0.3,0.2,0.3,True,21,11
532,8,1000,0.36896778431655536,1,0.2,0.3,0.2,0.3,True,21,16
533,8,1000,0.3527473164800069,1,0.2,0.3,0.2,0.3,True,21,79
534,8,1000,0.4274906973803578,1,0.2,0.3,0.2,0.3,True,21,2
535,8,1000,0.3405489218752415,1,0.2,0.3,0.2,0.3,True,21,3
536,8,1000,0.26554289267923564,1,0.2,0.3,0.2,0.3,True,21,5
537,8,1000,0.340514666499108,1,0.2,0.3,0.2,0.3,True,21,14
538,8,1000,0.3803635396719308,1,0.2,0.3,0.2,0.3,True,21,120
539,8,1000,0.32460671021116355,1,0.2,0.3,0.2,0.3,True,21,10
540,8,1000,0.397589889317639,1,0.2,0.3,0.2,0.3,True,21,9
541,8,1000,0.2907473315737894,1,0.2,0.3,0.2,0.3,True,21,10
542,8,1000,0.33758625988457364,1,0.2,0.3,0.2,0.3,True,21,5
543,8,1000,0.36734265897838975,1,0.2,0.3,0.2,0.3,True,21,4
544,8,1000,0.30101111050070944,1,0.2,0.3,0.2,0.3,True,21,3
545,8,1000,0.3790016675431626,1,0.2,0.3,0.2,0.3,True,21,2
546,8,1000,0.41868975879412584,1,0.2,0.3,0.2,0.3,True,21,4
547,8,1000,0.28603039555584203,1,0.2,0.3,0.2,0.3,True,21,7
548,8,1000,0.4065775597063487,1,0.2,0.3,0.2,0.3,True,21,3
549,8,1000,0.3753749148131805,1,0.2,0.3,0.2,0.3,True,21,14
550,8,1000,0.30691593994479033,1,0.2,0.3,0.2,0.3,True,21,27
551,8,1000,0.36928762482112204,1,0.2,0.3,0.2,0.3,True,21,13
552,8,1000,0.3220884166368801,1,0.2,0.3,0.2,0.3,True,21,34
553,8,1000,0.3522494287983962,1,0.2,0.3,0.2,0.3,True,21,24
554,8,1000,0.40619420854078286,1,0.2,0.3,0.2,0.3,True,21,52
555,8,1000,0.33857556683119316,1,0.2,0.3,0.2,0.3,True,21,8
556,8,1000,0.355251268195176,1,0.2,0.3,0.2,0.3,True,21,16
557,8,1000,0.4194602113666091,1,0.2,0.3,0.2,0.3,True,21,67
558,8,1000,0.35268250750746255,1,0.2,0.3,0.2,0.3,True,21,3
559,8,1000,0.41073247012769537,1,0.2,0.3,0.2,0.3,True,21,2
560,8,1000,0.37736933689210067,1,0.2,0.3,0.2,0.3,True,21,2
561,8,1000,0.41292861142472326,1,0.2,0.3,0.2,0.3,True,21,106
562,8,1000,0.3093542499809491,1,0.2,0.3,0.2,0.3,True,21,81
563,8,1000,0.3269610473628208,1,0.2,0.3,0.2,0.3,True,21,4
564,8,1000,0.32789192471429435,1,0.2,0.3,0.2,0.3,True,21,5
565,8,1000,0.37238159643522073,1,0.2,0.3,0.2,0.3,True,21,9
566,8,1000,0.3762128312972403,1,0.2,0.3,0.2,0.3,True,21,6
567,8,1000,0.3889840789508644,1,0.2,0.3,0.2,0.3,True,21,2
568,8,1000,0.2704150166433285,1,0.2,0.3,0.2,0.3,True,21,13
569,8,1000,0.35290852223823166,1,0.2,0.3,0.2,0.3,True,21,13
570,8,1000,0.32421675277697315,1,0.2,0.3,0.2,0.3,True,21,10
571,8,1000,0.3596032903334721,1,0.2,0.3,0.2,0.3,True,21,5
572,8,1000,0.38433913536337033,1,0.2,0.3,0.2,0.3,True,21,6
573,8,1000,0.36178241426922536,1,0.2,0.3,0.2,0.3,True,21,2
574,8,1000,0.3826048868011395,1,0.2,0.3,0.2,0.3,True,21,13
575,8,1000,0.3541072096578943,1,0.2,0.3,0.2,0.3,True,21,4
576,8,1000,0.31015403993583757,1,0.2,0.3,0.2,0.3,True,21,41
577,8,1000,0.3411752520879947,1,0.2,0.3,0.2,0.3,True,21,2
578,8,1000,0.4166508083633683,1,0.2,0.3,0.2,0.3,True,21,51
579,8,1000,0.3748079217684528,1,0.2,0.3,0.2,0.3,True,21,3
580,8,1000,0.3902086365931842,1,0.2,0.3,0.2,0.3,True,21,11
581,8,1000,0.30746638254579556,1,0.2,0.3,0.2,0.3,True,21,116
582,8,1000,0.3697726953502421,1,0.2,0.3,0.2,0.3,True,21,2
583,8,1000,0.26076322511353756,1,0.2,0.3,0.2,0.3,True,21,3
584,8,1000,0.26440582730196305,1,0.2,0.3,0.2,0.3,True,21,2
585,8,1000,0.27665031979487015,1,0.2,0.3,0.2,0.3,True,21,3
586,8,1000,0.31969168156103267,1,0.2,0.3,0.2,0.3,True,21,8
587,8,1000,0.35635410090584646,1,0.2,0.3,0.2,0.3,True,21,5
588,8,1000,0.3580388919170074,1,0.2,0.3,0.2,0.3,True,21,7
589,8,1000,0.3930799285175349,1,0.2,0.3,0.2,0.3,True,21,7
590,8,1000,0.30865528700716593,1,0.2,0.3,0.2,0.3,True,21,2
591,8,1000,0.36006832954560203,1,0.2,0.3,0.2,0.3,True,21,2
592,8,1000,0.3501051767044134,1,0.2,0.3,0.2,0.3,True,21,2
593,8,1000,0.37154095976417384,1,0.2,0.3,0.2,0.3,True,21,38
594,8,1000,0.3281281503903766,1,0.2,0.3,0.2,0.3,True,21,2
595,8,1000,0.39331012525340686,1,0.2,0.3,0.2,0.3,True,21,2
596,8,1000,0.39860965859545044,1,0.2,0.3,0.2,0.3,True,21,4
597,8,1000,0.3525550630891673,1,0.2,0.3,0.2,0.3,True,21,122
598,8,1000,0.39084413439403376,1,0.2,0.3,0.2,0.3,True,21,3
599,8,1000,0.32915148682298373,1,0.2,0.3,0.2,0.3,True,21,8
600,8,1000,0.2977485164290564,1,0.2,0.3,0.2,0.3,True,21,4
601,8,1000,0.3325936524953304,1,0.2,0.3,0.2,0.3,True,21,8
602,8,1000,0.42251874569193065,1,0.2,0.3,0.2,0.3,True,21,2
603,8,1000,0.3766310650309474,1,0.2,0.3,0.2,0.3,True,21,3
604,8,1000,0.41344975939292133,1,0.2,0.3,0.2,0.3,True,21,2
605,8,1000,0.346098977625693,1,0.2,0.3,0.2,0.3,True,21,5
606,8,1000,0.32372628891766636,1,0.2,0.3,0.2,0.3,True,21,2
607,8,1000,0.33255806180547726,1,0.2,0.3,0.2,0.3,True,21,19
608,8,1000,0.36764188079877486,1,0.2,0.3,0.2,0.3,True,21,192
609,8,1000,0.361389766829686,1,0.2,0.3,0.2,0.3,True,21,5
610,8,1000,0.30249886324477204,1,0.2,0.3,0.2,0.3,True,21,43
611,8,1000,0.33193331037304136,1,0.2,0.3,0.2,0.3,True,21,122
612,8,1000,0.3767551811600714,1,0.2,0.3,0.2,0.3,True,21,2
613,8,1000,0.3778097624243536,1,0.2,0.3,0.2,0.3,True,21,2
614,8,1000,0.40995391668112957,1,0.2,0.3,0.2,0.3,True,21,9
615,8,1000,0.3865107221656522,1,0.2,0.3,0.2,0.3,True,21,2
616,8,1000,0.3177949580104222,1,0.2,0.3,0.2,0.3,True,21,6
617,8,1000,0.3667550728970493,1,0.2,0.3,0.2,0.3,True,21,6
618,8,1000,0.4108762803423804,1,0.2,0.3,0.2,0.3,True,21,2
619,8,1000,0.3753800680076181,1,0.2,0.3,0.2,0.3,True,21,2
620,8,1000,0.3065989353562788,1,0.2,0.3,0.2,0.3,True,21,17
621,8,1000,0.4035943463918888,1,0.2,0.3,0.2,0.3,True,21,12
622,8,1000,0.30903049003172967,1,0.2,0.3,0.2,0.3,True,21,2
623,8,1000,0.36967936456442846,1,0.2,0.3,0.2,0.3,True,21,2
624,8,1000,0.34511269411287043,1,0.2,0.3,0.2,0.3,True,21,3
625,8,1000,0.30392495284302845,1,0.2,0.3,0.2,0.3,True,21,7
626,8,1000,0.3057698614782633,1,0.2,0.3,0.2,0.3,True,21,106
627,8,1000,0.3678537817033887,1,0.2,0.3,0.2,0.3,True,21,5
628,8,1000,0.32088147243551673,1,0.2,0.3,0.2,0.3,True,21,2
629,8,1000,0.3253844932911029,1,0.2,0.3,0.2,0.3,True,21,245
630,8,1000,0.22244637258481761,1,0.2,0.3,0.2,0.3,True,21,28
631,8,1000,0.35058739691734997,1,0.2,0.3,0.2,0.3,True,21,3
632,8,1000,0.346069021693519,1,0.2,0.3,0.2,0.3,True,21,2
633,8,1000,0.3573838380020578,1,0.2,0.3,0.2,0.3,True,21,2
634,8,1000,0.3774099661349125,1,0.2,0.3,0.2,0.3,True,21,6
635,8,1000,0.36031088931005856,1,0.2,0.3,0.2,0.3,True,21,10
636,8,1000,0.3085761494536913,1,0.2,0.3,0.2,0.3,True,21,5
637,8,1000,0.3468130106393052,1,0.2,0.3,0.2,0.3,True,21,4
638,8,1000,0.36933386568181065,1,0.2,0.3,0.2,0.3,True,21,14
639,8,1000,0.40588706323502854,1,0.2,0.3,0.2,0.3,True,21,60
640,8,1000,0.29770392373268184,1,0.2,0.3,0.2,0.3,True,21,3
641,8,1000,0.3089649884702532,1,0.2,0.3,0.2,0.3,True,21,2
642,8,1000,0.3804120250923288,1,0.2,0.3,0.2,0.3,True,21,24
643,8,1000,0.35858456878056916,1,0.2,0.3,0.2,0.3,True,21,6
644,8,1000,0.34146974747251185,1,0.2,0.3,0.2,0.3,True,21,138
645,8,1000,0.3813027070281256,1,0.2,0.3,0.2,0.3,True,21,8
646,8,1000,0.30990896807094426,1,0.2,0.3,0.2,0.3,True,21,2
647,8,1000,0.34940172035681905,1,0.2,0.3,0.2,0.3,True,21,14
648,8,1000,0.315764200837683,1,0.2,0.3,0.2,0.3,True,21,16
649,8,1000,0.2824739893798562,1,0.2,0.3,0.2,0.3,True,21,245
650,8,1000,0.34301051112591746,1,0.2,0.3,0.2,0.3,True,21,2
651,8,1000,0.29442097587663885,1,0.2,0.3,0.2,0.3,True,21,2
652,8,1000,0.30877090512530314,1,0.2,0.3,0.2,0.3,True,21,5
653,8,1000,0.36317969233805264,1,0.2,0.3,0.2,0.3,True,21,2
654,8,1000,0.39294047156037554,1,0.2,0.3,0.2,0.3,True,21,2
655,8,1000,0.3490935556511877,1,0.2,0.3,0.2,0.3,True,21,16
656,8,1000,0.3746286168815058,1,0.2,0.3,0.2,0.3,True,21,2
657,8,1000,0.3422899511356404,1,0.2,0.3,0.2,0.3,True,21,2
658,8,1000,0.349977166512992,1,0.2,0.3,0.2,0.3,True,20,2
659,8,1000,0.3571076774011533,1,0.2,0.3,0.2,0.3,True,21,6
660,8,1000,0.38686493718403153,1,0.2,0.3,0.2,0.3,True,21,7
661,8,1000,0.38574911252005845,1,0.2,0.3,0.2,0.3,True,21,34
662,8,1000,0.3516352767529422,1,0.2,0.3,0.2,0.3,True,21,18
663,8,1000,0.3395077441044913,1,0.2,0.3,0.2,0.3,True,21,6
664,8,1000,0.28840703838042553,1,0.2,0.3,0.2,0.3,True,21,6
665,8,1000,0.2671774206637175,1,0.2,0.3,0.2,0.3,True,21,3
666,8,1000,0.34864828868951775,1,0.2,0.3,0.2,0.3,True,21,6
667,8,1000,0.3183542480942466,1,0.2,0.3,0.2,0.3,True,21,6
668,8,1000,0.35028255059965324,1,0.2,0.3,0.2,0.3,True,21,4
669,8,1000,0.39929261365584395,1,0.2,0.3,0.2,0.3,True,21,3
670,8,1000,0.30391382234070674,1,0.2,0.3,0.2,0.3,True,21,242
671,8,1000,0.30880417099917956,1,0.2,0.3,0.2,0.3,True,21,13
672,8,1000,0.25927512110659445,1,0.2,0.3,0.2,0.3,True,21,2
673,8,1000,0.39039503160915473,1,0.2,0.3,0.2,0.3,True,21,97
674,8,1000,0.3102757489388298,1,0.2,0.3,0.2,0.3,True,14,2
675,8,1000,0.3760674351468109,1,0.2,0.3,0.2,0.3,True,21,2
676,8,1000,0.322544242156786,1,0.2,0.3,0.2,0.3,True,21,7
677,8,1000,0.379338022949388,1,0.2,0.3,0.2,0.3,True,21,18
678,8,1000,0.29624969411747326,1,0.2,0.3,0.2,0.3,True,21,27
679,8,1000,0.293080002161727,1,0.2,0.3,0.2,0.3,True,21,2
680,8,1000,0.29914871036136753,1,0.2,0.3,0.2,0.3,True,21,2
681,8,1000,0.381826005824163,1,0.2,0.3,0.2,0.3,True,21,26
682,8,1000,0.31331240932991505,1,0.2,0.3,0.2,0.3,True,21,7
683,8,1000,0.36308608855379976,1,0.2,0.3,0.2,0.3,True,21,24
684,8,1000,0.3119305192998226,1,0.2,0.3,0.2,0.3,True,21,12
685,8,1000,0.34696543054238244,1,0.2,0.3,0.2,0.3,True,21,10
686,8,1000,0.25533348419461704,1,0.2,0.3,0.2,0.3,True,21,118
687,8,1000,0.36386983231855036,1,0.2,0.3,0.2,0.3,True,21,7
688,8,1000,0.34895051700816737,1,0.2,0.3,0.2,0.3,True,21,3
689,8,1000,0.3653997536758901,1,0.2,0.3,0.2,0.3,True,21,22
690,8,1000,0.3855767442340588,1,0.2,0.3,0.2,0.3,True,21,10
691,8,1000,0.3488613490788662,1,0.2,0.3,0.2,0.3,True,21,2
692,8,1000,0.3708831802893982,1,0.2,0.3,0.2,0.3,True,21,2
693,8,1000,0.3553352843753433,1,0.2,0.3,0.2,0.3,True,21,4
694,8,1000,0.37560584158920546,1,0.2,0.3,0.2,0.3,True,21,3
695,8,1000,0.38415169310404934,1,0.2,0.3,0.2,0.3,True,21,2
696,8,1000,0.40734368224283396,1,0.2,0.3,0.2,0.3,True,21,3
697,8,1000,0.27512412844398176,1,0.2,0.3,0.2,0.3,True,21,2
698,8,1000,0.345882843762081,1,0.2,0.3,0.2,0.3,True,21,2
699,8,1000,0.3500213279229672,1,0.2,0.3,0.2,0.3,True,21,2
700,8,1000,0.388221140754412,1,0.2,0.3,0.2,0.3,True,21,2
701,8,1000,0.34178977964519736,1,0.2,0.3,0.2,0.3,True,21,106
702,8,1000,0.36094270272867784,1,0.2,0.3,0.2,0.3,True,21,2
703,8,1000,0.318132901631564,1,0.2,0.3,0.2,0.3,True,21,14
704,8,1000,0.3277415376259935,1,0.2,0.3,0.2,0.3,True,21,45
705,8,1000,0.31045261942058705,1,0.2,0.3,0.2,0.3,True,21,5
706,8,1000,0.3743436774676646,1,0.2,0.3,0.2,0.3,True,21,36
707,8,1000,0.2954208570223205,1,0.2,0.3,0.2,0.3,True,21,18
708,8,1000,0.3209138979877801,1,0.2,0.3,0.2,0.3,True,21,3
709,8,1000,0.324995397841792,1,0.2,0.3,0.2,0.3,True,21,19
710,8,1000,0.3630866790092949,1,0.2,0.3,0.2,0.3,True,21,13
711,8,1000,0.35926826721562083,1,0.2,0.3,0.2,0.3,True,21,3
712,8,1000,0.37489627816662807,1,0.2,0.3,0.2,0.3,True,21,2
713,8,1000,0.3088247984966922,1,0.2,0.3,0.2,0.3,True,21,2
714,8,1000,0.31165193039367345,1,0.2,0.3,0.2,0.3,True,21,6
715,8,1000,0.3673092822773352,1,0.2,0.3,0.2,0.3,True,21,4
716,8,1000,0.3818612740406964,1,0.2,0.3,0.2,0.3,True,21,3
717,8,1000,0.35804697090360765,1,0.2,0.3,0.2,0.3,True,21,5
718,8,1000,0.2817588620667572,1,0.2,0.3,0.2,0.3,True,21,2
719,8,1000,0.36229889335478527,1,0.2,0.3,0.2,0.3,True,21,2
720,8,1000,0.3726543611944096,1,0.2,0.3,0.2,0.3,True,21,2
721,8,1000,0.3400716132459059,1,0.2,0.3,0.2,0.3,True,21,2
722,8,1000,0.37814081498494545,1,0.2,0.3,0.2,0.3,True,21,21
723,8,1000,0.36639859968864075,1,0.2,0.3,0.2,0.3,True,21,2
724,8,1000,0.2556451689832517,1,0.2,0.3,0.2,0.3,True,21,3
725,8,1000,0.3982537393288477,1,0.2,0.3,0.2,0.3,True,21,18
726,8,1000,0.35133507054181784,1,0.2,0.3,0.2,0.3,True,21,18
727,8,1000,0.2867583809926369,1,0.2,0.3,0.2,0.3,True,21,3
728,8,1000,0.33408308110150003,1,0.2,0.3,0.2,0.3,True,14,2
729,8,1000,0.2773461922410278,1,0.2,0.3,0.2,0.3,True,21,2
730,8,1000,0.36981065303455524,1,0.2,0.3,0.2,0.3,True,21,34
731,8,1000,0.3297630018384667,1,0.2,0.3,0.2,0.3,True,21,72
732,8,1000,0.3744424690864383,1,0.2,0.3,0.2,0.3,True,21,34
733,8,1000,0.3069556644847964,1,0.2,0.3,0.2,0.3,True,21,62
734,8,1000,0.35164484178697897,1,0.2,0.3,0.2,0.3,True,21,137
735,8,1000,0.37060276631170114,1,0.2,0.3,0.2,0.3,True,21,2
736,8,1000,0.403242051518309,1,0.2,0.3,0.2,0.3,True,21,2
737,8,1000,0.39436586908218246,1,0.2,0.3,0.2,0.3,True,21,2
738,8,1000,0.4441837117410537,1,0.2,0.3,0.2,0.3,True,21,3
739,8,1000,0.3371946791153585,1,0.2,0.3,0.2,0.3,True,21,8
740,8,1000,0.415075092921545,1,0.2,0.3,0.2,0.3,True,21,10
741,8,1000,0.36785611947333247,1,0.2,0.3,0.2,0.3,True,21,6
742,8,1000,0.35144690687290164,1,0.2,0.3,0.2,0.3,True,21,57
743,8,1000,0.37027271746506535,1,0.2,0.3,0.2,0.3,True,21,4
744,8,1000,0.31677038422861287,1,0.2,0.3,0.2,0.3,True,21,9
745,8,1000,0.36007793724721876,1,0.2,0.3,0.2,0.3,True,21,2
746,8,1000,0.3342376402056989,1,0.2,0.3,0.2,0.3,True,21,11
747,8,1000,0.34351901593463186,1,0.2,0.3,0.2,0.3,True,21,29
748,8,1000,0.32623814570061455,1,0.2,0.3,0.2,0.3,True,21,2
749,8,1000,0.37923745327131037,1,0.2,0.3,0.2,0.3,True,21,10
750,8,1000,0.3932996228557067,1,0.2,0.3,0.2,0.3,True,21,3
751,8,1000,0.40003542003561804,1,0.2,0.3,0.2,0.3,True,21,3
752,8,1000,0.3395623244481073,1,0.2,0.3,0.2,0.3,True,21,7
753,8,1000,0.28542306278696294,1,0.2,0.3,0.2,0.3,True,21,2
754,8,1000,0.4350686575381489,1,0.2,0.3,0.2,0.3,True,21,6
755,8,1000,0.39639781142126623,1,0.2,0.3,0.2,0.3,True,21,2
756,8,1000,0.28130620782258553,1,0.2,0.3,0.2,0.3,True,21,2
757,8,1000,0.32636532824147146,1,0.2,0.3,0.2,0.3,True,21,2
758,8,1000,0.31429322275449645,1,0.2,0.3,0.2,0.3,True,21,97
759,8,1000,0.45022376520224433,1,0.2,0.3,0.2,0.3,True,21,8
760,8,1000,0.38221552929242264,1,0.2,0.3,0.2,0.3,True,21,104
761,8,1000,0.41513827195367675,1,0.2,0.3,0.2,0.3,True,21,2
762,8,1000,0.39398107622038625,1,0.2,0.3,0.2,0.3,True,21,8
763,8,1000,0.4063908855244014,1,0.2,0.3,0.2,0.3,True,21,7
764,8,1000,0.4099337836085648,1,0.2,0.3,0.2,0.3,True,21,2
765,8,1000,0.35500513653394933,1,0.2,0.3,0.2,0.3,True,21,72
766,8,1000,0.33260032397656947,1,0.2,0.3,0.2,0.3,True,21,2
767,8,1000,0.3030793280378154,1,0.2,0.3,0.2,0.3,True,21,27
768,8,1000,0.32065123774284804,1,0.2,0.3,0.2,0.3,True,21,2
769,8,1000,0.364758632092613,1,0.2,0.3,0.2,0.3,True,21,18
770,8,1000,0.334959820584714,1,0.2,0.3,0.2,0.3,True,21,56
771,8,1000,0.3502163407851908,1,0.2,0.3,0.2,0.3,True,21,17
772,8,1000,0.3444449406559787,1,0.2,0.3,0.2,0.3,True,21,2
773,8,1000,0.3688340769180937,1,0.2,0.3,0.2,0.3,True,21,4
774,8,1000,0.4174479888339634,1,0.2,0.3,0.2,0.3,True,21,2
775,8,1000,0.3302685786594464,1,0.2,0.3,0.2,0.3,True,21,4
776,8,1000,0.35911796961675735,1,0.2,0.3,0.2,0.3,True,21,2
777,8,1000,0.34409827255360304,1,0.2,0.3,0.2,0.3,True,21,4
778,8,1000,0.3350011668503553,1,0.2,0.3,0.2,0.3,True,21,5
779,8,1000,0.3638256103477276,1,0.2,0.3,0.2,0.3,True,21,4
780,8,1000,0.35045509998421664,1,0.2,0.3,0.2,0.3,True,21,24
781,8,1000,0.4021565579316791,1,0.2,0.3,0.2,0.3,True,21,5
782,8,1000,0.4029909582160539,1,0.2,0.3,0.2,0.3,True,21,60
783,8,1000,0.3418589294188555,1,0.2,0.3,0.2,0.3,True,21,2
784,8,1000,0.35358215851637137,1,0.2,0.3,0.2,0.3,True,21,3
785,8,1000,0.3144041405524721,1,0.2,0.3,0.2,0.3,True,21,3
786,8,1000,0.3710340547820313,1,0.2,0.3,0.2,0.3,True,21,4
787,8,1000,0.380013266273147,1,0.2,0.3,0.2,0.3,True,21,4
788,8,1000,0.35981282598493586,1,0.2,0.3,0.2,0.3,True,21,7
789,8,1000,0.3401245771839009,1,0.2,0.3,0.2,0.3,True,21,5
790,8,1000,0.37885449951361644,1,0.2,0.3,0.2,0.3,True,21,2
791,8,1000,0.33395862004193766,1,0.2,0.3,0.2,0.3,True,21,2
792,8,1000,0.29411253339307414,1,0.2,0.3,0.2,0.3,True,21,120
793,8,1000,0.4243737884618266,1,0.2,0.3,0.2,0.3,True,21,3
794,8,1000,0.4247981729236859,1,0.2,0.3,0.2,0.3,True,21,2
795,8,1000,0.3154091265656727,1,0.2,0.3,0.2,0.3,True,21,2
796,8,1000,0.2659789761579024,1,0.2,0.3,0.2,0.3,True,20,2
797,8,1000,0.35177085409781034,1,0.2,0.3,0.2,0.3,True,21,3
798,8,1000,0.3866455341814111,1,0.2,0.3,0.2,0.3,True,21,14
799,8,1000,0.3286168277154104,1,0.2,0.3,0.2,0.3,True,21,3
800,8,1000,0.2582048312993895,1,0.2,0.3,0.2,0.3,True,21,60
801,8,1000,0.3334201975863397,1,0.2,0.3,0.2,0.3,True,21,2
802,8,1000,0.3388354354745555,1,0.2,0.3,0.2,0.3,True,21,26
803,8,1000,0.29784786115322043,1,0.2,0.3,0.2,0.3,True,21,6
804,8,1000,0.37323255826688145,1,0.2,0.3,0.2,0.3,True,21,13
805,8,1000,0.29880323109953016,1,0.2,0.3,0.2,0.3,True,21,2
806,8,1000,0.39541387867498273,1,0.2,0.3,0.2,0.3,True,21,2
807,8,1000,0.3630101329751439,1,0.2,0.3,0.2,0.3,True,21,3
808,8,1000,0.3597379344628923,1,0.2,0.3,0.2,0.3,True,21,2
809,8,1000,0.34738363117123666,1,0.2,0.3,0.2,0.3,True,21,20
810,8,1000,0.3802084377788214,1,0.2,0.3,0.2,0.3,True,21,19
811,8,1000,0.40742281938405384,1,0.2,0.3,0.2,0.3,True,21,84
812,8,1000,0.2940458536205029,1,0.2,0.3,0.2,0.3,True,21,11
813,8,1000,0.32691501326306716,1,0.2,0.3,0.2,0.3,True,21,2
814,8,1000,0.3182381555188893,1,0.2,0.3,0.2,0.3,True,21,11
815,8,1000,0.34161842520441266,1,0.2,0.3,0.2,0.3,True,21,14
816,8,1000,0.2470858453692664,1,0.2,0.3,0.2,0.3,True,21,11
817,8,1000,0.40015615278105343,1,0.2,0.3,0.2,0.3,True,21,8
818,8,1000,0.3932187315337926,1,0.2,0.3,0.2,0.3,True,21,3
819,8,1000,0.226657603732495,1,0.2,0.3,0.2,0.3,True,21,33
820,8,1000,0.4470898661523117,1,0.2,0.3,0.2,0.3,True,21,15
821,8,1000,0.29310625869276447,1,0.2,0.3,0.2,0.3,True,21,2
822,8,1000,0.39371978969085397,1,0.2,0.3,0.2,0.3,True,21,119
823,8,1000,0.3518875367970063,1,0.2,0.3,0.2,0.3,True,21,2
824,8,1000,0.30345712472719305,1,0.2,0.3,0.2,0.3,True,21,3
825,8,1000,0.34560275066605717,1,0.2,0.3,0.2,0.3,True,21,3
826,8,1000,0.3119930703130474,1,0.2,0.3,0.2,0.3,True,21,3
827,8,1000,0.32076856050869157,1,0.2,0.3,0.2,0.3,True,21,3
828,8,1000,0.3383121491024544,1,0.2,0.3,0.2,0.3,True,21,30
829,8,1000,0.30518241930410767,1,0.2,0.3,0.2,0.3,True,21,66
830,8,1000,0.36105454263149334,1,0.2,0.3,0.2,0.3,True,21,5
831,8,1000,0.33162786800896404,1,0.2,0.3,0.2,0.3,True,21,9
832,8,1000,0.2839145321515436,1,0.2,0.3,0.2,0.3,True,21,2
833,8,1000,0.3161793886257896,1,0.2,0.3,0.2,0.3,True,21,3
834,8,1000,0.3029596312597875,1,0.2,0.3,0.2,0.3,True,21,161
835,8,1000,0.3452112075656739,1,0.2,0.3,0.2,0.3,True,21,4
836,8,1000,0.3789280645924843,1,0.2,0.3,0.2,0.3,True,21,162
837,8,1000,0.276278706402838,1,0.2,0.3,0.2,0.3,True,21,3
838,8,1000,0.40176186000486347,1,0.2,0.3,0.2,0.3,True,21,3
839,8,1000,0.3617119935737506,1,0.2,0.3,0.2,0.3,True,21,2
840,8,1000,0.3677115919906767,1,0.2,0.3,0.2,0.3,True,21,2
841,8,1000,0.37272268748404197,1,0.2,0.3,0.2,0.3,True,21,15
842,8,1000,0.32084539097095843,1,0.2,0.3,0.2,0.3,True,21,2
843,8,1000,0.36256451454173194,1,0.2,0.3,0.2,0.3,True,21,54
844,8,1000,0.37651247402354915,1,0.2,0.3,0.2,0.3,True,21,4
845,8,1000,0.3728784213378509,1,0.2,0.3,0.2,0.3,True,21,13
846,8,1000,0.3568784866504422,1,0.2,0.3,0.2,0.3,True,21,65
847,8,1000,0.34944735661838394,1,0.2,0.3,0.2,0.3,True,21,2
848,8,1000,0.3154163684650367,1,0.2,0.3,0.2,0.3,True,16,2
849,8,1000,0.28749364850711057,1,0.2,0.3,0.2,0.3,True,21,3
850,8,1000,0.29936178708707034,1,0.2,0.3,0.2,0.3,True,21,55
851,8,1000,0.40064323975461885,1,0.2,0.3,0.2,0.3,True,21,5
852,8,1000,0.29376270149924577,1,0.2,0.3,0.2,0.3,True,21,11
853,8,1000,0.4470004223278096,1,0.2,0.3,0.2,0.3,True,21,2
854,8,1000,0.40055670024609213,1,0.2,0.3,0.2,0.3,True,21,94
855,8,1000,0.2967888819443293,1,0.2,0.3,0.2,0.3,True,21,3
856,8,1000,0.3996417503024997,1,0.2,0.3,0.2,0.3,True,21,72
857,8,1000,0.3886941167234446,1,0.2,0.3,0.2,0.3,True,21,2
858,8,1000,0.4086638596321438,1,0.2,0.3,0.2,0.3,True,21,2
859,8,1000,0.2653919458210479,1,0.2,0.3,0.2,0.3,True,21,4
860,8,1000,0.33960054065241313,1,0.2,0.3,0.2,0.3,True,21,2
861,8,1000,0.2987283951242575,1,0.2,0.3,0.2,0.3,True,21,2
862,8,1000,0.33234888484133085,1,0.2,0.3,0.2,0.3,True,21,2
863,8,1000,0.34156455908667765,1,0.2,0.3,0.2,0.3,True,21,242
864,8,1000,0.28191822342201084,1,0.2,0.3,0.2,0.3,True,21,2
865,8,1000,0.31169147460003516,1,0.2,0.3,0.2,0.3,True,21,79
866,8,1000,0.3498438347843397,1,0.2,0.3,0.2,0.3,True,21,19
867,8,1000,0.283824296716502,1,0.2,0.3,0.2,0.3,True,21,2
868,8,1000,0.3339460095239494,1,0.2,0.3,0.2,0.3,True,21,2
869,8,1000,0.3003993069847202,1,0.2,0.3,0.2,0.3,True,21,2
870,8,1000,0.39056961442604726,1,0.2,0.3,0.2,0.3,True,21,54
871,8,1000,0.3172113491528638,1,0.2,0.3,0.2,0.3,True,21,4
872,8,1000,0.3918961089422815,1,0.2,0.3,0.2,0.3,True,21,3
873,8,1000,0.29751279046797446,1,0.2,0.3,0.2,0.3,True,21,2
874,8,1000,0.31766314403056883,1,0.2,0.3,0.2,0.3,True,21,8
875,8,1000,0.39471061891134923,1,0.2,0.3,0.2,0.3,True,21,2
876,8,1000,0.2855987227457252,1,0.2,0.3,0.2,0.3,True,21,85
877,8,1000,0.37331940554126636,1,0.2,0.3,0.2,0.3,True,21,2
878,8,1000,0.33520715711669435,1,0.2,0.3,0.2,0.3,True,21,14
879,8,1000,0.3704876840352365,1,0.2,0.3,0.2,0.3,True,21,2
880,8,1000,0.3242203996020199,1,0.2,0.3,0.2,0.3,True,21,12
881,8,1000,0.24414159776113561,1,0.2,0.3,0.2,0.3,True,21,4
882,8,1000,0.351306650275543,1,0.2,0.3,0.2,0.3,True,21,24
883,8,1000,0.36023214336014503,1,0.2,0.3,0.2,0.3,True,21,8
884,8,1000,0.31349968810356266,1,0.2,0.3,0.2,0.3,True,21,53
885,8,1000,0.3838445153023354,1,0.2,0.3,0.2,0.3,True,21,117
886,8,1000,0.35665646400216866,1,0.2,0.3,0.2,0.3,True,21,3
887,8,1000,0.3346708396943204,1,0.2,0.3,0.2,0.3,True,21,3
888,8,1000,0.3408867504390156,1,0.2,0.3,0.2,0.3,True,21,5
889,8,1000,0.2957720460343909,1,0.2,0.3,0.2,0.3,True,21,2
890,8,1000,0.3859427566803489,1,0.2,0.3,0.2,0.3,True,21,107
891,8,1000,0.2976914827251252,1,0.2,0.3,0.2,0.3,True,21,72
892,8,1000,0.3935077683325046,1,0.2,0.3,0.2,0.3,True,21,2
893,8,1000,0.3486789400749542,1,0.2,0.3,0.2,0.3,True,21,67
894,8,1000,0.27919303444709975,1,0.2,0.3,0.2,0.3,True,21,6
895,8,1000,0.37252308102342646,1,0.2,0.3,0.2,0.3,True,21,3
896,8,1000,0.3810946776577647,1,0.2,0.3,0.2,0.3,True,21,2
897,8,1000,0.38649422318043186,1,0.2,0.3,0.2,0.3,True,21,3
898,8,1000,0.37256974341721466,1,0.2,0.3,0.2,0.3,True,21,6
899,8,1000,0.33136368946713135,1,0.2,0.3,0.2,0.3,True,21,21
900,8,1000,0.31339795624314487,1,0.2,0.3,0.2,0.3,True,21,2
901,8,1000,0.34453081579822037,1,0.2,0.3,0.2,0.3,True,21,237
902,8,1000,0.3421069253046043,1,0.2,0.3,0.2,0.3,True,21,17
903,8,1000,0.3689312160932384,1,0.2,0.3,0.2,0.3,True,21,2
904,8,1000,0.3337776717507821,1,0.2,0.3,0.2,0.3,True,21,19
905,8,1000,0.36370094310419615,1,0.2,0.3,0.2,0.3,True,21,6
906,8,1000,0.3716213917519148,1,0.2,0.3,0.2,0.3,True,21,3
907,8,1000,0.3794949719040995,1,0.2,0.3,0.2,0.3,True,21,3
908,8,1000,0.46151005535210304,1,0.2,0.3,0.2,0.3,True,21,13
909,8,1000,0.359851566466026,1,0.2,0.3,0.2,0.3,True,21,54
910,8,1000,0.3982763392741043,1,0.2,0.3,0.2,0.3,True,21,2
911,8,1000,0.3571842248616402,1,0.2,0.3,0.2,0.3,True,21,5
912,8,1000,0.31455881962335663,1,0.2,0.3,0.2,0.3,True,21,21
913,8,1000,0.28300679047423294,1,0.2,0.3,0.2,0.3,True,21,2
914,8,1000,0.35286404127765153,1,0.2,0.3,0.2,0.3,True,21,6
915,8,1000,0.3574606748315717,1,0.2,0.3,0.2,0.3,True,21,3
916,8,1000,0.3398123407437882,1,0.2,0.3,0.2,0.3,True,21,78
917,8,1000,0.36444887459679826,1,0.2,0.3,0.2,0.3,True,21,2
918,8,1000,0.31900012294006047,1,0.2,0.3,0.2,0.3,True,21,69
919,8,1000,0.3145490922222688,1,0.2,0.3,0.2,0.3,True,21,2
920,8,1000,0.3327225607650063,1,0.2,0.3,0.2,0.3,True,21,86
921,8,1000,0.3554469121337486,1,0.2,0.3,0.2,0.3,True,21,7
922,8,1000,0.2818694678864833,1,0.2,0.3,0.2,0.3,True,21,2
923,8,1000,0.3450566644464637,1,0.2,0.3,0.2,0.3,True,21,2
924,8,1000,0.2689916958558249,1,0.2,0.3,0.2,0.3,True,21,5
925,8,1000,0.37708899799093987,1,0.2,0.3,0.2,0.3,True,21,2
926,8,1000,0.3594637705828646,1,0.2,0.3,0.2,0.3,True,21,2
927,8,1000,0.3691644392626349,1,0.2,0.3,0.2,0.3,True,21,62
928,8,1000,0.40308128327024456,1,0.2,0.3,0.2,0.3,True,21,2
929,8,1000,0.3310972271098918,1,0.2,0.3,0.2,0.3,True,21,16
930,8,1000,0.386996601716948,1,0.2,0.3,0.2,0.3,True,21,2
931,8,1000,0.31371067531537644,1,0.2,0.3,0.2,0.3,True,21,4
932,8,1000,0.26646693720176484,1,0.2,0.3,0.2,0.3,True,21,3
933,8,1000,0.3578407284917298,1,0.2,0.3,0.2,0.3,True,21,2
934,8,1000,0.3587556703713955,1,0.2,0.3,0.2,0.3,True,21,2
935,8,1000,0.3374189226970577,1,0.2,0.3,0.2,0.3,True,21,3
936,8,1000,0.3719001454062936,1,0.2,0.3,0.2,0.3,True,21,3
937,8,1000,0.354991865642396,1,0.2,0.3,0.2,0.3,True,21,2
938,8,1000,0.36960900685199427,1,0.2,0.3,0.2,0.3,True,21,2
939,8,1000,0.343765773529117,1,0.2,0.3,0.2,0.3,True,21,5
940,8,1000,0.28219442613157397,1,0.2,0.3,0.2,0.3,True,21,3
941,8,1000,0.23641464074431706,1,0.2,0.3,0.2,0.3,True,21,3
942,8,1000,0.3229384536151084,1,0.2,0.3,0.2,0.3,True,21,14
943,8,1000,0.34761533252298193,1,0.2,0.3,0.2,0.3,True,21,3
944,8,1000,0.27486168593415666,1,0.2,0.3,0.2,0.3,True,21,14
945,8,1000,0.30839037021363813,1,0.2,0.3,0.2,0.3,True,21,5
946,8,1000,0.42503292653489194,1,0.2,0.3,0.2,0.3,True,21,50
947,8,1000,0.34006171821400966,1,0.2,0.3,0.2,0.3,True,21,2
948,8,1000,0.34850803274214126,1,0.2,0.3,0.2,0.3,True,21,6
949,8,1000,0.3279074207947482,1,0.2,0.3,0.2,0.3,True,21,4
950,8,1000,0.3310655707364333,1,0.2,0.3,0.2,0.3,True,21,8
951,8,1000,0.30673473526213424,1,0.2,0.3,0.2,0.3,True,21,4
952,8,1000,0.29791927482318326,1,0.2,0.3,0.2,0.3,True,21,2
953,8,1000,0.29363605695087697,1,0.2,0.3,0.2,0.3,True,21,212
954,8,1000,0.3977206465543191,1,0.2,0.3,0.2,0.3,True,21,3
955,8,1000,0.2862709524902019,1,0.2,0.3,0.2,0.3,True,21,2
956,8,1000,0.3115425471084979,1,0.2,0.3,0.2,0.3,True,21,2
957,8,1000,0.36483059748623725,1,0.2,0.3,0.2,0.3,True,21,5
958,8,1000,0.34820848283314587,1,0.2,0.3,0.2,0.3,True,21,19
959,8,1000,0.2792534062900079,1,0.2,0.3,0.2,0.3,True,21,44
960,8,1000,0.4452017075497861,1,0.2,0.3,0.2,0.3,True,21,2
961,8,1000,0.3489864774768129,1,0.2,0.3,0.2,0.3,True,21,45
962,8,1000,0.40051174353401586,1,0.2,0.3,0.2,0.3,True,21,3
963,8,1000,0.42024637371597595,1,0.2,0.3,0.2,0.3,True,21,2
964,8,1000,0.36885568422005227,1,0.2,0.3,0.2,0.3,True,21,2
965,8,1000,0.37890349270308427,1,0.2,0.3,0.2,0.3,True,21,2
966,8,1000,0.35566589521676384,1,0.2,0.3,0.2,0.3,True,21,3
967,8,1000,0.2962368076175266,1,0.2,0.3,0.2,0.3,True,21,2
968,8,1000,0.3078436316691486,1,0.2,0.3,0.2,0.3,True,21,6
969,8,1000,0.3578627729022004,1,0.2,0.3,0.2,0.3,True,21,55
970,8,1000,0.3646945193846484,1,0.2,0.3,0.2,0.3,True,21,2
971,8,1000,0.34933671635592767,1,0.2,0.3,0.2,0.3,True,21,2
972,8,1000,0.35514883979334827,1,0.2,0.3,0.2,0.3,True,21,4
973,8,1000,0.3166697605446558,1,0.2,0.3,0.2,0.3,True,21,4
974,8,1000,0.25729595709934544,1,0.2,0.3,0.2,0.3,True,21,2
975,8,1000,0.2915045085938335,1,0.2,0.3,0.2,0.3,True,21,7
976,8,1000,0.33843503567474154,1,0.2,0.3,0.2,0.3,True,21,2
977,8,1000,0.2379538838593326,1,0.2,0.3,0.2,0.3,True,21,4
978,8,1000,0.3559031400095022,1,0.2,0.3,0.2,0.3,True,21,56
979,8,1000,0.32359617790627354,1,0.2,0.3,0.2,0.3,True,21,2
980,8,1000,0.3440865249140797,1,0.2,0.3,0.2,0.3,True,21,11
981,8,1000,0.31531257973863813,1,0.2,0.3,0.2,0.3,True,21,243
982,8,1000,0.32675852992205595,1,0.2,0.3,0.2,0.3,True,21,7
983,8,1000,0.40521295896467796,1,0.2,0.3,0.2,0.3,True,21,5
984,8,1000,0.34718751403131715,1,0.2,0.3,0.2,0.3,True,21,54
985,8,1000,0.4018269932351097,1,0.2,0.3,0.2,0.3,True,21,4
986,8,1000,0.3713958978624298,1,0.2,0.3,0.2,0.3,True,21,4
987,8,1000,0.37340759719367345,1,0.2,0.3,0.2,0.3,True,21,2
988,8,1000,0.2814744973463323,1,0.2,0.3,0.2,0.3,True,21,4
989,8,1000,0.38041419830947704,1,0.2,0.3,0.2,0.3,True,21,40
990,8,1000,0.22413700674262144,1,0.2,0.3,0.2,0.3,True,21,50
991,8,1000,0.31566353982671147,1,0.2,0.3,0.2,0.3,True,21,2
992,8,1000,0.3193071727607553,1,0.2,0.3,0.2,0.3,True,21,3
993,8,1000,0.26126232219282114,1,0.2,0.3,0.2,0.3,True,21,79
994,8,1000,0.35540411306844405,1,0.2,0.3,0.2,0.3,True,21,2
995,8,1000,0.312832785945846,1,0.2,0.3,0.2,0.3,True,21,4
996,8,1000,0.34914445558192136,1,0.2,0.3,0.2,0.3,True,21,3
997,8,1000,0.3282273180071004,1,0.2,0.3,0.2,0.3,True,21,6
998,8,1000,0.32019887983005113,1,0.2,0.3,0.2,0.3,True,21,239
999,8,1000,0.38050176471219593,1,0.2,0.3,0.2,0.3,True,21,46
