step,motive_1,motive_2,motive_3,motive_4,motive_5,motive_6,motive_7,motive_8
0,0.37840832279479936,0.472898407330508,0.18152083055827237,-0.35911317133510123,0.8364720331783435,0.43608250870466475,0.9847898299463397,0.9383155676880821
1,0.6658260881102862,0.7660546109282993,-0.01632821664785395,-0.841813378159456,1.0,0.647935019425909,1.0,1.0
2,0.17300655339028162,1.0,0.7356636610750273,0.158186621840544,1.0,0.9018687222844508,0.5172997931756452,1.0
3,-0.31981298132972297,1.0,1.0,1.0,1.0,1.0,0.03459958635129042,1.0
4,0.680187018670277,0.5697190021101318,1.0,0.5071804652799954,1.0,1.0,0.32201735166677725,1.0
5,1.0,0.13943800422026362,1.0,0.01436093055999079,1.0,1.0,0.6094351169822642,1.0
6,0.9497274564341602,0.08916546065442382,0.9497274564341602,-0.03591161300584901,0.9497274564341602,0.9497274564341602,0.5591625734164244,0.9497274564341602
7,0.45690792171415556,0.5550956506916138,1.0,0.964088386994151,1.0,1.0,0.07646236659206959,1.0
8,-0.03591161300584903,1.0,1.0,1.0,1.0,1.0,-0.4062378402322852,1.0
9,0.2515061523096378,1.0,0.8021509527938737,0.5172997931756452,1.0,1.0,0.5937621597677147,1.0
10,0.5389239176251247,1.0,0.6043019055877474,0.03459958635129042,1.0,1.0,1.0,1.0
11,0.4886513740592849,0.9497274564341602,0.5540293620219077,-0.01567295721454938,0.9497274564341602,0.9497274564341602,0.9497274564341602,0.9497274564341602
12,-0.004168160660719712,1.0,1.0,0.9843270427854506,1.0,1.0,0.4670272496098054,1.0
13,-0.49698769538072435,1.0,1.0,1.0,1.0,1.0,-0.0156729572145494,1.0
14,0.5030123046192756,0.5697190021101318,1.0,0.5071804652799954,1.0,1.0,0.27174480810093743,1.0
15,1.0,0.13943800422026362,1.0,0.01436093055999079,1.0,1.0,0.5591625734164243,1.0
16,0.9497274564341602,0.08916546065442382,0.9497274564341602,-0.03591161300584901,0.9497274564341602,0.9497274564341602,0.5088900298505845,0.9497274564341602
17,0.45690792171415556,0.5550956506916138,1.0,0.964088386994151,1.0,1.0,0.026189823026229707,1.0
18,-0.03591161300584903,1.0,1.0,1.0,1.0,1.0,-0.45651038379812514,1.0
19,0.2515061523096378,1.0,0.8021509527938737,0.5172997931756452,1.0,1.0,0.5434896162018749,1.0
20,0.5389239176251247,1.0,0.6043019055877474,0.03459958635129042,1.0,1.0,1.0,1.0
21,0.4886513740592849,0.9497274564341602,0.5540293620219077,-0.01567295721454938,0.9497274564341602,0.9497274564341602,0.9497274564341602,0.9497274564341602
22,-0.004168160660719712,1.0,1.0,0.9843270427854506,1.0,1.0,0.4670272496098054,1.0
23,-0.49698769538072435,1.0,1.0,1.0,1.0,1.0,-0.0156729572145494,1.0
24,0.5030123046192756,0.5697190021101318,1.0,0.5071804652799954,1.0,1.0,0.27174480810093743,1.0
25,1.0,0.13943800422026362,1.0,0.01436093055999079,1.0,1.0,0.5591625734164243,1.0
26,0.9497274564341602,0.08916546065442382,0.9497274564341602,-0.03591161300584901,0.9497274564341602,0.9497274564341602,0.5088900298505845,0.9497274564341602
27,0.45690792171415556,0.5550956506916138,1.0,0.964088386994151,1.0,1.0,0.026189823026229707,1.0
28,-0.03591161300584903,1.0,1.0,1.0,1.0,1.0,-0.45651038379812514,1.0
29,0.2515061523096378,1.0,0.8021509527938737,0.5172997931756452,1.0,1.0,0.5434896162018749,1.0
30,0.5389239176251247,1.0,0.6043019055877474,0.03459958635129042,1.0,1.0,1.0,1.0
31,0.4886513740592849,0.9497274564341602,0.5540293620219077,-0.01567295721454938,0.9497274564341602,0.9497274564341602,0.9497274564341602,0.9497274564341602
32,-0.004168160660719712,1.0,1.0,0.9843270427854506,1.0,1.0,0.4670272496098054,1.0
33,-0.49698769538072435,1.0,1.0,1.0,1.0,1.0,-0.0156729572145494,1.0
34,0.5030123046192756,0.5697190021101318,1.0,0.5071804652799954,1.0,1.0,0.27174480810093743,1.0
35,1.0,0.13943800422026362,1.0,0.01436093055999079,1.0,1.0,0.5591625734164243,1.0
36,0.9497274564341602,0.08916546065442382,0.9497274564341602,-0.03591161300584901,0.9497274564341602,0.9497274564341602,0.5088900298505845,0.9497274564341602
37,0.45690792171415556,0.5550956506916138,1.0,0.964088386994151,1.0,1.0,0.026189823026229707,1.0
38,-0.03591161300584903,1.0,1.0,1.0,1.0,1.0,-0.45651038379812514,1.0
39,0.2515061523096378,1.0,0.8021509527938737,0.5172997931756452,1.0,1.0,0.5434896162018749,1.0
40,0.5389239176251247,1.0,0.6043019055877474,0.03459958635129042,1.0,1.0,1.0,1.0
41,0.4886513740592849,0.9497274564341602,0.5540293620219077,-0.01567295721454938,0.9497274564341602,0.9497274564341602,0.9497274564341602,0.9497274564341602
42,-0.004168160660719712,1.0,1.0,0.9843270427854506,1.0,1.0,0.4670272496098054,1.0
43,-0.49698769538072435,1.0,1.0,1.0,1.0,1.0,-0.0156729572145494,1.0
44,0.5030123046192756,0.5697190021101318,1.0,0.5071804652799954,1.0,1.0,0.27174480810093743,1.0
45,1.0,0.13943800422026362,1.0,0.01436093055999079,1.0,1.0,0.5591625734164243,1.0
46,0.9497274564341602,0.08916546065442382,0.9497274564341602,-0.03591161300584901,0.9497274564341602,0.9497274564341602,0.5088900298505845,0.9497274564341602
47,0.45690792171415556,0.5550956506916138,1.0,0.964088386994151,1.0,1.0,0.026189823026229707,1.0
48,-0.03591161300584903,1.0,1.0,1.0,1.0,1.0,-0.45651038379812514,1.0
49,0.2515061523096378,1.0,0.8021509527938737,0.5172997931756452,1.0,1.0,0.5434896162018749,1.0
50,0.5389239176251247,1.0,0.6043019055877474,0.03459958635129042,1.0,1.0,1.0,1.0
51,0.4886513740592849,0.9497274564341602,0.5540293620219077,-0.01567295721454938,0.9497274564341602,0.9497274564341602,0.9497274564341602,0.9497274564341602
52,-0.004168160660719712,1.0,1.0,0.9843270427854506,1.0,1.0,0.4670272496098054,1.0
53,-0.49698769538072435,1.0,1.0,1.0,1.0,1.0,-0.0156729572145494,1.0
54,0.5030123046192756,0.5697190021101318,1.0,0.5071804652799954,1.0,1.0,0.27174480810093743,1.0
55,1.0,0.13943800422026362,1.0,0.01436093055999079,1.0,1.0,0.5591625734164243,1.0
56,0.9497274564341602,0.08916546065442382,0.9497274564341602,-0.03591161300584901,0.9497274564341602,0.9497274564341602,0.5088900298505845,0.9497274564341602
57,0.45690792171415556,0.5550956506916138,1.0,0.964088386994151,1.0,1.0,0.026189823026229707,1.0
58,-0.03591161300584903,1.0,1.0,1.0,1.0,1.0,-0.45651038379812514,1.0
59,0.2515061523096378,1.0,0.8021509527938737,0.5172997931756452,1.0,1.0,0.5434896162018749,1.0
60,0.5389239176251247,1.0,0.6043019055877474,0.03459958635129042,1.0,1.0,1.0,1.0
61,0.4886513740592849,0.9497274564341602,0.5540293620219077,-0.01567295721454938,0.9497274564341602,0.9497274564341602,0.9497274564341602,0.9497274564341602
62,-0.004168160660719712,1.0,1.0,0.9843270427854506,1.0,1.0,0.4670272496098054,1.0
63,-0.49698769538072435,1.0,1.0,1.0,1.0,1.0,-0.0156729572145494,1.0
64,0.5030123046192756,0.5697190021101318,1.0,0.5071804652799954,1.0,1.0,0.27174480810093743,1.0
65,1.0,0.13943800422026362,1.0,0.01436093055999079,1.0,1.0,0.5591625734164243,1.0
66,0.9497274564341602,0.08916546065442382,0.9497274564341602,-0.03591161300584901,0.9497274564341602,0.9497274564341602,0.5088900298505845,0.9497274564341602
67,0.45690792171415556,0.5550956506916138,1.0,0.964088386994151,1.0,1.0,0.026189823026229707,1.0
68,-0.03591161300584903,1.0,1.0,1.0,1.0,1.0,-0.45651038379812514,1.0
69,0.2515061523096378,1.0,0.8021509527938737,0.5172997931756452,1.0,1.0,0.5434896162018749,1.0
70,0.5389239176251247,1.0,0.6043019055877474,0.03459958635129042,1.0,1.0,1.0,1.0
71,0.4886513740592849,0.9497274564341602,0.5540293620219077,-0.01567295721454938,0.9497274564341602,0.9497274564341602,0.9497274564341602,0.9497274564341602
72,-0.004168160660719712,1.0,1.0,0.9843270427854506,1.0,1.0,0.4670272496098054,1.0
73,-0.49698769538072435,1.0,1.0,1.0,1.0,1.0,-0.0156729572145494,1.0
74,0.5030123046192756,0.5697190021101318,1.0,0.5071804652799954,1.0,1.0,0.27174480810093743,1.0
75,1.0,0.13943800422026362,1.0,0.01436093055999079,1.0,1.0,0.5591625734164243,1.0
76,0.9497274564341602,0.08916546065442382,0.9497274564341602,-0.03591161300584901,0.9497274564341602,0.9497274564341602,0.5088900298505845,0.9497274564341602
77,0.45690792171415556,0.5550956506916138,1.0,0.964088386994151,1.0,1.0,0.026189823026229707,1.0
78,-0.03591161300584903,1.0,1.0,1.0,1.0,1.0,-0.45651038379812514,1.0
79,0.2515061523096378,1.0,0.8021509527938737,0.5172997931756452,1.0,1.0,0.5434896162018749,1.0
80,0.5389239176251247,1.0,0.6043019055877474,0.03459958635129042,1.0,1.0,1.0,1.0
81,0.4886513740592849,0.9497274564341602,0.5540293620219077,-0.01567295721454938,0.9497274564341602,0.9497274564341602,0.9497274564341602,0.9497274564341602
82,-0.004168160660719712,1.0,1.0,0.9843270427854506,1.0,1.0,0.4670272496098054,1.0
83,-0.49698769538072435,1.0,1.0,1.0,1.0,1.0,-0.0156729572145494,1.0
84,0.5030123046192756,0.5697190021101318,1.0,0.5071804652799954,1.0,1.0,0.27174480810093743,1.0
85,1.0,0.13943800422026362,1.0,0.01436093055999079,1.0,1.0,0.5591625734164243,1.0
86,0.9497274564341602,0.08916546065442382,0.9497274564341602,-0.03591161300584901,0.9497274564341602,0.9497274564341602,0.5088900298505845,0.9497274564341602
87,0.45690792171415556,0.5550956506916138,1.0,0.964088386994151,1.0,1.0,0.026189823026229707,1.0
88,-0.03591161300584903,1.0,1.0,1.0,1.0,1.0,-0.45651038379812514,1.0
89,0.2515061523096378,1.0,0.8021509527938737,0.5172997931756452,1.0,1.0,0.5434896162018749,1.0
90,0.5389239176251247,1.0,0.6043019055877474,0.03459958635129042,1.0,1.0,1.0,1.0
91,0.4886513740592849,0.9497274564341602,0.5540293620219077,-0.01567295721454938,0.9497274564341602,0.9497274564341602,0.9497274564341602,0.9497274564341602
92,-0.004168160660719712,1.0,1.0,0.9843270427854506,1.0,1.0,0.4670272496098054,1.0
93,-0.49698769538072435,1.0,1.0,1.0,1.0,1.0,-0.0156729572145494,1.0
94,0.5030123046192756,0.5697190021101318,1.0,0.5071804652799954,1.0,1.0,0.27174480810093743,1.0
95,1.0,0.13943800422026362,1.0,0.01436093055999079,1.0,1.0,0.5591625734164243,1.0
96,0.9497274564341602,0.08916546065442382,0.9497274564341602,-0.03591161300584901,0.9497274564341602,0.9497274564341602,0.5088900298505845,0.9497274564341602
97,0.45690792171415556,0.5550956506916138,1.0,0.964088386994151,1.0,1.0,0.026189823026229707,1.0
98,-0.03591161300584903,1.0,1.0,1.0,1.0,1.0,-0.45651038379812514,1.0
99,0.2515061523096378,1.0,0.8021509527938737,0.5172997931756452,1.0,1.0,0.5434896162018749,1.0
100,0.5389239176251247,1.0,0.6043019055877474,0.03459958635129042,1.0,1.0,1.0,1.0
101,0.4886513740592849,0.9497274564341602,0.5540293620219077,-0.01567295721454938,0.9497274564341602,0.9497274564341602,0.9497274564341602,0.9497274564341602
102,-0.004168160660719712,1.0,1.0,0.9843270427854506,1.0,1.0,0.4670272496098054,1.0
103,-0.49698769538072435,1.0,1.0,1.0,1.0,1.0,-0.0156729572145494,1.0
104,0.5030123046192756,0.5697190021101318,1.0,0.5071804652799954,1.0,1.0,0.27174480810093743,1.0
105,1.0,0.13943800422026362,1.0,0.01436093055999079,1.0,1.0,0.5591625734164243,1.0
106,0.9497274564341602,0.08916546065442382,0.9497274564341602,-0.03591161300584901,0.9497274564341602,0.9497274564341602,0.5088900298505845,0.9497274564341602
107,0.45690792171415556,0.5550956506916138,1.0,0.964088386994151,1.0,1.0,0.026189823026229707,1.0
108,-0.03591161300584903,1.0,1.0,1.0,1.0,1.0,-0.45651038379812514,1.0
109,0.2515061523096378,1.0,0.8021509527938737,0.5172997931756452,1.0,1.0,0.5434896162018749,1.0
110,0.5389239176251247,1.0,0.6043019055877474,0.03459958635129042,1.0,1.0,1.0,1.0
111,0.4886513740592849,0.9497274564341602,0.5540293620219077,-0.01567295721454938,0.9497274564341602,0.9497274564341602,0.9497274564341602,0.9497274564341602
112,-0.004168160660719712,1.0,1.0,0.9843270427854506,1.0,1.0,0.4670272496098054,1.0
113,-0.49698769538072435,1.0,1.0,1.0,1.0,1.0,-0.0156729572145494,1.0
114,0.5030123046192756,0.5697190021101318,1.0,0.5071804652799954,1.0,1.0,0.27174480810093743,1.0
115,1.0,0.13943800422026362,1.0,0.01436093055999079,1.0,1.0,0.5591625734164243,1.0
116,0.9497274564341602,0.08916546065442382,0.9497274564341602,-0.03591161300584901,0.9497274564341602,0.9497274564341602,0.5088900298505845,0.9497274564341602
117,0.45690792171415556,0.5550956506916138,1.0,0.964088386994151,1.0,1.0,0.026189823026229707,1.0
118,-0.03591161300584903,1.0,1.0,1.0,1.0,1.0,-0.45651038379812514,1.0
119,0.2515061523096378,1.0,0.8021509527938737,0.5172997931756452,1.0,1.0,0.5434896162018749,1.0
120,0.5389239176251247,1.0,0.6043019055877474,0.03459958635129042,1.0,1.0,1.0,1.0
121,0.4886513740592849,0.9497274564341602,0.5540293620219077,-0.01567295721454938,0.9497274564341602,0.9497274564341602,0.9497274564341602,0.9497274564341602
122,-0.004168160660719712,1.0,1.0,0.9843270427854506,1.0,1.0,0.4670272496098054,1.0
123,-0.49698769538072435,1.0,1.0,1.0,1.0,1.0,-0.0156729572145494,1.0
124,0.5030123046192756,0.5697190021101318,1.0,0.5071804652799954,1.0,1.0,0.27174480810093743,1.0
125,1.0,0.13943800422026362,1.0,0.01436093055999079,1.0,1.0,0.5591625734164243,1.0
126,0.9497274564341602,0.08916546065442382,0.9497274564341602,-0.03591161300584901,0.9497274564341602,0.9497274564341602,0.5088900298505845,0.9497274564341602
127,0.45690792171415556,0.5550956506916138,1.0,0.964088386994151,1.0,1.0,0.026189823026229707,1.0
128,-0.03591161300584903,1.0,1.0,1.0,1.0,1.0,-0.45651038379812514,1.0
129,0.2515061523096378,1.0,0.8021509527938737,0.5172997931756452,1.0,1.0,0.5434896162018749,1.0
130,0.5389239176251247,1.0,0.6043019055877474,0.03459958635129042,1.0,1.0,1.0,1.0
131,0.4886513740592849,0.9497274564341602,0.5540293620219077,-0.01567295721454938,0.9497274564341602,0.9497274564341602,0.9497274564341602,0.9497274564341602
132,-0.004168160660719712,1.0,1.0,0.9843270427854506,1.0,1.0,0.4670272496098054,1.0
133,-0.49698769538072435,1.0,1.0,1.0,1.0,1.0,-0.0156729572145494,1.0
134,0.5030123046192756,0.5697190021101318,1.0,0.5071804652799954,1.0,1.0,0.27174480810093743,1.0
135,1.0,0.13943800422026362,1.0,0.01436093055999079,1.0,1.0,0.5591625734164243,1.0
136,0.9497274564341602,0.08916546065442382,0.9497274564341602,-0.03591161300584901,0.9497274564341602,0.9497274564341602,0.5088900298505845,0.9497274564341602
137,0.45690792171415556,0.5550956506916138,1.0,0.964088386994151,1.0,1.0,0.026189823026229707,1.0
138,-0.03591161300584903,1.0,1.0,1.0,1.0,1.0,-0.45651038379812514,1.0
139,0.2515061523096378,1.0,0.8021509527938737,0.5172997931756452,1.0,1.0,0.5434896162018749,1.0
140,0.5389239176251247,1.0,0.6043019055877474,0.03459958635129042,1.0,1.0,1.0,1.0
141,0.4886513740592849,0.9497274564341602,0.5540293620219077,-0.01567295721454938,0.9497274564341602,0.9497274564341602,0.9497274564341602,0.9497274564341602
142,-0.004168160660719712,1.0,1.0,0.9843270427854506,1.0,1.0,0.4670272496098054,1.0
143,-0.49698769538072435,1.0,1.0,1.0,1.0,1.0,-0.0156729572145494,1.0
144,0.5030123046192756,0.5697190021101318,1.0,0.5071804652799954,1.0,1.0,0.27174480810093743,1.0
145,1.0,0.13943800422026362,1.0,0.01436093055999079,1.0,1.0,0.5591625734164243,1.0
146,0.9497274564341602,0.08916546065442382,0.9497274564341602,-0.03591161300584901,0.9497274564341602,0.9497274564341602,0.5088900298505845,0.9497274564341602
147,0.45690792171415556,0.5550956506916138,1.0,0.964088386994151,1.0,1.0,0.026189823026229707,1.0
148,-0.03591161300584903,1.0,1.0,1.0,1.0,1.0,-0.45651038379812514,1.0
149,0.2515061523096378,1.0,0.8021509527938737,0.5172997931756452,1.0,1.0,0.5434896162018749,1.0
150,0.5389239176251247,1.0,0.6043019055877474,0.03459958635129042,1.0,1.0,1.0,1.0
151,0.4886513740592849,0.9497274564341602,0.5540293620219077,-0.01567295721454938,0.9497274564341602,0.9497274564341602,0.9497274564341602,0.9497274564341602
152,-0.004168160660719712,1.0,1.0,0.9843270427854506,1.0,1.0,0.4670272496098054,1.0
153,-0.49698769538072435,1.0,1.0,1.0,1.0,1.0,-0.0156729572145494,1.0
154,0.5030123046192756,0.5697190021101318,1.0,0.5071804652799954,1.0,1.0,0.27174480810093743,1.0
155,1.0,0.13943800422026362,1.0,0.01436093055999079,1.0,1.0,0.5591625734164243,1.0
156,0.9497274564341602,0.08916546065442382,0.9497274564341602,-0.03591161300584901,0.9497274564341602,0.9497274564341602,0.5088900298505845,0.9497274564341602
157,0.45690792171415556,0.5550956506916138,1.0,0.964088386994151,1.0,1.0,0.026189823026229707,1.0
158,-0.03591161300584903,1.0,1.0,1.0,1.0,1.0,-0.45651038379812514,1.0
159,0.2515061523096378,1.0,0.8021509527938737,0.5172997931756452,1.0,1.0,0.5434896162018749,1.0
160,0.5389239176251247,1.0,0.6043019055877474,0.03459958635129042,1.0,1.0,1.0,1.0
161,0.4886513740592849,0.9497274564341602,0.5540293620219077,-0.01567295721454938,0.9497274564341602,0.9497274564341602,0.9497274564341602,0.9497274564341602
162,-0.004168160660719712,1.0,1.0,0.9843270427854506,1.0,1.0,0.4670272496098054,1.0
163,-0.49698769538072435,1.0,1.0,1.0,1.0,1.0,-0.0156729572145494,1.0
164,0.5030123046192756,0.5697190021101318,1.0,0.5071804652799954,1.0,1.0,0.27174480810093743,1.0
165,1.0,0.13943800422026362,1.0,0.01436093055999079,1.0,1.0,0.5591625734164243,1.0
166,0.9497274564341602,0.08916546065442382,0.9497274564341602,-0.03591161300584901,0.9497274564341602,0.9497274564341602,0.5088900298505845,0.9497274564341602
167,0.45690792171415556,0.5550956506916138,1.0,0.964088386994151,1.0,1.0,0.026189823026229707,1.0
168,-0.03591161300584903,1.0,1.0,1.0,1.0,1.0,-0.45651038379812514,1.0
169,0.2515061523096378,1.0,0.8021509527938737,0.5172997931756452,1.0,1.0,0.5434896162018749,1.0
170,0.5389239176251247,1.0,0.6043019055877474,0.03459958635129042,1.0,1.0,1.0,1.0
171,0.4886513740592849,0.9497274564341602,0.5540293620219077,-0.01567295721454938,0.9497274564341602,0.9497274564341602,0.9497274564341602,0.9497274564341602
172,-0.004168160660719712,1.0,1.0,0.9843270427854506,1.0,1.0,0.4670272496098054,1.0
173,-0.49698769538072435,1.0,1.0,1.0,1.0,1.0,-0.0156729572145494,1.0
174,0.5030123046192756,0.5697190021101318,1.0,0.5071804652799954,1.0,1.0,0.27174480810093743,1.0
175,1.0,0.13943800422026362,1.0,0.01436093055999079,1.0,1.0,0.5591625734164243,1.0
176,0.9497274564341602,0.08916546065442382,0.9497274564341602,-0.03591161300584901,0.9497274564341602,0.9497274564341602,0.5088900298505845,0.9497274564341602
177,0.45690792171415556,0.5550956506916138,1.0,0.964088386994151,1.0,1.0,0.026189823026229707,1.0
178,-0.03591161300584903,1.0,1.0,1.0,1.0,1.0,-0.45651038379812514,1.0
179,0.2515061523096378,1.0,0.8021509527938737,0.5172997931756452,1.0,1.0,0.5434896162018749,1.0
180,0.5389239176251247,1.0,0.6043019055877474,0.03459958635129042,1.0,1.0,1.0,1.0
181,0.4886513740592849,0.9497274564341602,0.5540293620219077,-0.01567295721454938,0.9497274564341602,0.9497274564341602,0.9497274564341602,0.9497274564341602
182,-0.004168160660719712,1.0,1.0,0.9843270427854506,1.0,1.0,0.4670272496098054,1.0
183,-0.49698769538072435,1.0,1.0,1.0,1.0,1.0,-0.0156729572145494,1.0
184,0.5030123046192756,0.5697190021101318,1.0,0.5071804652799954,1.0,1.0,0.27174480810093743,1.0
185,1.0,0.13943800422026362,1.0,0.01436093055999079,1.0,1.0,0.5591625734164243,1.0
186,0.9497274564341602,0.08916546065442382,0.9497274564341602,-0.03591161300584901,0.9497274564341602,0.9497274564341602,0.5088900298505845,0.9497274564341602
187,0.45690792171415556,0.5550956506916138,1.0,0.964088386994151,1.0,1.0,0.026189823026229707,1.0
188,-0.03591161300584903,1.0,1.0,1.0,1.0,1.0,-0.45651038379812514,1.0
189,0.2515061523096378,1.0,0.8021509527938737,0.5172997931756452,1.0,1.0,0.5434896162018749,1.0
190,0.5389239176251247,1.0,0.6043019055877474,0.03459958635129042,1.0,1.0,1.0,1.0
191,0.4886513740592849,0.9497274564341602,0.5540293620219077,-0.01567295721454938,0.9497274564341602,0.9497274564341602,0.9497274564341602,0.9497274564341602
192,-0.004168160660719712,1.0,1.0,0.9843270427854506,1.0,1.0,0.4670272496098054,1.0
193,-0.49698769538072435,1.0,1.0,1.0,1.0,1.0,-0.0156729572145494,1.0
194,0.5030123046192756,0.5697190021101318,1.0,0.5071804652799954,1.0,1.0,0.27174480810093743,1.0
195,1.0,0.13943800422026362,1.0,0.01436093055999079,1.0,1.0,0.5591625734164243,1.0
196,0.9497274564341602,0.08916546065442382,0.9497274564341602,-0.03591161300584901,0.9497274564341602,0.9497274564341602,0.5088900298505845,0.9497274564341602
197,0.45690792171415556,0.5550956506916138,1.0,0.964088386994151,1.0,1.0,0.026189823026229707,1.0
198,-0.03591161300584903,1.0,1.0,1.0,1.0,1.0,-0.45651038379812514,1.0
199,0.2515061523096378,1.0,0.8021509527938737,0.5172997931756452,1.0,1.0,0.5434896162018749,1.0
200,0.5389239176251247,1.0,0.6043019055877474,0.03459958635129042,1.0,1.0,1.0,1.0
201,0.4886513740592849,0.9497274564341602,0.5540293620219077,-0.01567295721454938,0.9497274564341602,0.9497274564341602,0.9497274564341602,0.9497274564341602
202,-0.004168160660719712,1.0,1.0,0.9843270427854506,1.0,1.0,0.4670272496098054,1.0
203,-0.49698769538072435,1.0,1.0,1.0,1.0,1.0,-0.0156729572145494,1.0
204,0.5030123046192756,0.5697190021101318,1.0,0.5071804652799954,1.0,1.0,0.27174480810093743,1.0
205,1.0,0.13943800422026362,1.0,0.01436093055999079,1.0,1.0,0.5591625734164243,1.0
206,0.9497274564341602,0.08916546065442382,0.9497274564341602,-0.03591161300584901,0.9497274564341602,0.9497274564341602,0.5088900298505845,0.9497274564341602
207,0.45690792171415556,0.5550956506916138,1.0,0.964088386994151,1.0,1.0,0.026189823026229707,1.0
208,-0.03591161300584903,1.0,1.0,1.0,1.0,1.0,-0.45651038379812514,1.0
209,0.2515061523096378,1.0,0.8021509527938737,0.5172997931756452,1.0,1.0,0.5434896162018749,1.0
210,0.5389239176251247,1.0,0.6043019055877474,0.03459958635129042,1.0,1.0,1.0,1.0
211,0.4886513740592849,0.9497274564341602,0.5540293620219077,-0.01567295721454938,0.9497274564341602,0.9497274564341602,0.9497274564341602,0.9497274564341602
212,-0.004168160660719712,1.0,1.0,0.9843270427854506,1.0,1.0,0.4670272496098054,1.0
213,-0.49698769538072435,1.0,1.0,1.0,1.0,1.0,-0.0156729572145494,1.0
214,0.5030123046192756,0.5697190021101318,1.0,0.5071804652799954,1.0,1.0,0.27174480810093743,1.0
215,1.0,0.13943800422026362,1.0,0.01436093055999079,1.0,1.0,0.5591625734164243,1.0
216,0.9497274564341602,0.08916546065442382,0.9497274564341602,-0.03591161300584901,0.9497274564341602,0.9497274564341602,0.5088900298505845,0.9497274564341602
217,0.45690792171415556,0.5550956506916138,1.0,0.964088386994151,1.0,1.0,0.026189823026229707,1.0
218,-0.03591161300584903,1.0,1.0,1.0,1.0,1.0,-0.45651038379812514,1.0
219,0.2515061523096378,1.0,0.8021509527938737,0.5172997931756452,1.0,1.0,0.5434896162018749,1.0
220,0.5389239176251247,1.0,0.6043019055877474,0.03459958635129042,1.0,1.0,1.0,1.0
221,0.4886513740592849,0.9497274564341602,0.5540293620219077,-0.01567295721454938,0.9497274564341602,0.9497274564341602,0.9497274564341602,0.9497274564341602
222,-0.004168160660719712,1.0,1.0,0.9843270427854506,1.0,1.0,0.4670272496098054,1.0
223,-0.49698769538072435,1.0,1.0,1.0,1.0,1.0,-0.0156729572145494,1.0
224,0.5030123046192756,0.5697190021101318,1.0,0.5071804652799954,1.0,1.0,0.27174480810093743,1.0
225,1.0,0.13943800422026362,1.0,0.01436093055999079,1.0,1.0,0.5591625734164243,1.0
226,0.9497274564341602,0.08916546065442382,0.9497274564341602,-0.03591161300584901,0.9497274564341602,0.9497274564341602,0.5088900298505845,0.9497274564341602
227,0.45690792171415556,0.5550956506916138,1.0,0.964088386994151,1.0,1.0,0.026189823026229707,1.0
228,-0.03591161300584903,1.0,1.0,1.0,1.0,1.0,-0.45651038379812514,1.0
229,0.2515061523096378,1.0,0.8021509527938737,0.5172997931756452,1.0,1.0,0.5434896162018749,1.0
230,0.5389239176251247,1.0,0.6043019055877474,0.03459958635129042,1.0,1.0,1.0,1.0
231,0.4886513740592849,0.9497274564341602,0.5540293620219077,-0.01567295721454938,0.9497274564341602,0.9497274564341602,0.9497274564341602,0.9497274564341602
232,-0.004168160660719712,1.0,1.0,0.9843270427854506,1.0,1.0,0.4670272496098054,1.0
233,-0.49698769538072435,1.0,1.0,1.0,1.0,1.0,-0.0156729572145494,1.0
234,0.5030123046192756,0.5697190021101318,1.0,0.5071804652799954,1.0,1.0,0.27174480810093743,1.0
235,1.0,0.13943800422026362,1.0,0.01436093055999079,1.0,1.0,0.5591625734164243,1.0
236,0.9497274564341602,0.08916546065442382,0.9497274564341602,-0.03591161300584901,0.9497274564341602,0.9497274564341602,0.5088900298505845,0.9497274564341602
237,0.45690792171415556,0.5550956506916138,1.0,0.964088386994151,1.0,1.0,0.026189823026229707,1.0
238,-0.03591161300584903,1.0,1.0,1.0,1.0,1.0,-0.45651038379812514,1.0
239,0.2515061523096378,1.0,0.8021509527938737,0.5172997931756452,1.0,1.0,0.5434896162018749,1.0
240,0.5389239176251247,1.0,0.6043019055877474,0.03459958635129042,1.0,1.0,1.0,1.0
241,0.4886513740592849,0.9497274564341602,0.5540293620219077,-0.01567295721454938,0.9497274564341602,0.9497274564341602,0.9497274564341602,0.9497274564341602
242,-0.004168160660719712,1.0,1.0,0.9843270427854506,1.0,1.0,0.4670272496098054,1.0
243,-0.49698769538072435,1.0,1.0,1.0,1.0,1.0,-0.0156729572145494,1.0
244,0.5030123046192756,0.5697190021101318,1.0,0.5071804652799954,1.0,1.0,0.27174480810093743,1.0
245,1.0,0.13943800422026362,1.0,0.01436093055999079,1.0,1.0,0.5591625734164243,1.0
246,0.9497274564341602,0.08916546065442382,0.9497274564341602,-0.03591161300584901,0.9497274564341602,0.9497274564341602,0.5088900298505845,0.9497274564341602
247,0.45690792171415556,0.5550956506916138,1.0,0.964088386994151,1.0,1.0,0.026189823026229707,1.0
248,-0.03591161300584903,1.0,1.0,1.0,1.0,1.0,-0.45651038379812514,1.0
249,0.2515061523096378,1.0,0.8021509527938737,0.5172997931756452,1.0,1.0,0.5434896162018749,1.0
250,0.5389239176251247,1.0,0.6043019055877474,0.03459958635129042,1.0,1.0,1.0,1.0
251,0.4886513740592849,0.9497274564341602,0.5540293620219077,-0.01567295721454938,0.9497274564341602,0.9497274564341602,0.9497274564341602,0.9497274564341602
252,-0.004168160660719712,1.0,1.0,0.9843270427854506,1.0,1.0,0.4670272496098054,1.0
253,-0.49698769538072435,1.0,1.0,1.0,1.0,1.0,-0.0156729572145494,1.0
254,0.5030123046192756,0.5697190021101318,1.0,0.5071804652799954,1.0,1.0,0.27174480810093743,1.0
255,1.0,0.13943800422026362,1.0,0.01436093055999079,1.0,1.0,0.5591625734164243,1.0
256,0.9497274564341602,0.08916546065442382,0.9497274564341602,-0.03591161300584901,0.9497274564341602,0.9497274564341602,0.5088900298505845,0.9497274564341602
257,0.45690792171415556,0.5550956506916138,1.0,0.964088386994151,1.0,1.0,0.026189823026229707,1.0
258,-0.03591161300584903,1.0,1.0,1.0,1.0,1.0,-0.45651038379812514,1.0
259,0.2515061523096378,1.0,0.8021509527938737,0.5172997931756452,1.0,1.0,0.5434896162018749,1.0
260,0.5389239176251247,1.0,0.6043019055877474,0.03459958635129042,1.0,1.0,1.0,1.0
261,0.4886513740592849,0.9497274564341602,0.5540293620219077,-0.01567295721454938,0.9497274564341602,0.9497274564341602,0.9497274564341602,0.9497274564341602
262,-0.004168160660719712,1.0,1.0,0.9843270427854506,1.0,1.0,0.4670272496098054,1.0
263,-0.49698769538072435,1.0,1.0,1.0,1.0,1.0,-0.0156729572145494,1.0
264,0.5030123046192756,0.5697190021101318,1.0,0.5071804652799954,1.0,1.0,0.27174480810093743,1.0
265,1.0,0.13943800422026362,1.0,0.01436093055999079,1.0,1.0,0.5591625734164243,1.0
266,0.9497274564341602,0.08916546065442382,0.9497274564341602,-0.03591161300584901,0.9497274564341602,0.9497274564341602,0.5088900298505845,0.9497274564341602
267,0.45690792171415556,0.5550956506916138,1.0,0.964088386994151,1.0,1.0,0.026189823026229707,1.0
268,-0.03591161300584903,1.0,1.0,1.0,1.0,1.0,-0.45651038379812514,1.0
269,0.2515061523096378,1.0,0.8021509527938737,0.5172997931756452,1.0,1.0,0.5434896162018749,1.0
270,0.5389239176251247,1.0,0.6043019055877474,0.03459958635129042,1.0,1.0,1.0,1.0
271,0.4886513740592849,0.9497274564341602,0.5540293620219077,-0.01567295721454938,0.9497274564341602,0.9497274564341602,0.9497274564341602,0.9497274564341602
272,-0.004168160660719712,1.0,1.0,0.9843270427854506,1.0,1.0,0.4670272496098054,1.0
273,-0.49698769538072435,1.0,1.0,1.0,1.0,1.0,-0.0156729572145494,1.0
274,0.5030123046192756,0.5697190021101318,1.0,0.5071804652799954,1.0,1.0,0.27174480810093743,1.0
275,1.0,0.13943800422026362,1.0,0.01436093055999079,1.0,1.0,0.5591625734164243,1.0
276,0.9497274564341602,0.08916546065442382,0.9497274564341602,-0.03591161300584901,0.9497274564341602,0.9497274564341602,0.5088900298505845,0.9497274564341602
277,0.45690792171415556,0.5550956506916138,1.0,0.964088386994151,1.0,1.0,0.026189823026229707,1.0
278,-0.03591161300584903,1.0,1.0,1.0,1.0,1.0,-0.45651038379812514,1.0
279,0.2515061523096378,1.0,0.8021509527938737,0.5172997931756452,1.0,1.0,0.5434896162018749,1.0
280,0.5389239176251247,1.0,0.6043019055877474,0.03459958635129042,1.0,1.0,1.0,1.0
281,0.4886513740592849,0.9497274564341602,0.5540293620219077,-0.01567295721454938,0.9497274564341602,0.9497274564341602,0.9497274564341602,0.9497274564341602
282,-0.004168160660719712,1.0,1.0,0.9843270427854506,1.0,1.0,0.4670272496098054,1.0
283,-0.49698769538072435,1.0,1.0,1.0,1.0,1.0,-0.0156729572145494,1.0
284,0.5030123046192756,0.5697190021101318,1.0,0.5071804652799954,1.0,1.0,0.27174480810093743,1.0
285,1.0,0.13943800422026362,1.0,0.01436093055999079,1.0,1.0,0.5591625734164243,1.0
286,0.9497274564341602,0.08916546065442382,0.9497274564341602,-0.03591161300584901,0.9497274564341602,0.9497274564341602,0.5088900298505845,0.9497274564341602
287,0.45690792171415556,0.5550956506916138,1.0,0.964088386994151,1.0,1.0,0.026189823026229707,1.0
288,-0.03591161300584903,1.0,1.0,1.0,1.0,1.0,-0.45651038379812514,1.0
289,0.2515061523096378,1.0,0.8021509527938737,0.5172997931756452,1.0,1.0,0.5434896162018749,1.0
290,0.5389239176251247,1.0,0.6043019055877474,0.03459958635129042,1.0,1.0,1.0,1.0
291,0.4886513740592849,0.9497274564341602,0.5540293620219077,-0.01567295721454938,0.9497274564341602,0.9497274564341602,0.9497274564341602,0.9497274564341602
292,-0.004168160660719712,1.0,1.0,0.9843270427854506,1.0,1.0,0.4670272496098054,1.0
293,-0.49698769538072435,1.0,1.0,1.0,1.0,1.0,-0.0156729572145494,1.0
294,0.5030123046192756,0.5697190021101318,1.0,0.5071804652799954,1.0,1.0,0.27174480810093743,1.0
295,1.0,0.13943800422026362,1.0,0.01436093055999079,1.0,1.0,0.5591625734164243,1.0
296,0.9497274564341602,0.08916546065442382,0.9497274564341602,-0.03591161300584901,0.9497274564341602,0.9497274564341602,0.5088900298505845,0.9497274564341602
297,0.45690792171415556,0.5550956506916138,1.0,0.964088386994151,1.0,1.0,0.026189823026229707,1.0
298,-0.03591161300584903,1.0,1.0,1.0,1.0,1.0,-0.45651038379812514,1.0
299,0.2515061523096378,1.0,0.8021509527938737,0.5172997931756452,1.0,1.0,0.5434896162018749,1.0
300,0.5389239176251247,1.0,0.6043019055877474,0.03459958635129042,1.0,1.0,1.0,1.0
301,0.4886513740592849,0.9497274564341602,0.5540293620219077,-0.01567295721454938,0.9497274564341602,0.9497274564341602,0.9497274564341602,0.9497274564341602
302,-0.004168160660719712,1.0,1.0,0.9843270427854506,1.0,1.0,0.4670272496098054,1.0
303,-0.49698769538072435,1.0,1.0,1.0,1.0,1.0,-0.0156729572145494,1.0
304,0.5030123046192756,0.5697190021101318,1.0,0.5071804652799954,1.0,1.0,0.27174480810093743,1.0
305,1.0,0.13943800422026362,1.0,0.01436093055999079,1.0,1.0,0.5591625734164243,1.0
306,0.9497274564341602,0.08916546065442382,0.9497274564341602,-0.03591161300584901,0.9497274564341602,0.9497274564341602,0.5088900298505845,0.9497274564341602
307,0.45690792171415556,0.5550956506916138,1.0,0.964088386994151,1.0,1.0,0.026189823026229707,1.0
308,-0.03591161300584903,1.0,1.0,1.0,1.0,1.0,-0.45651038379812514,1.0
309,0.2515061523096378,1.0,0.8021509527938737,0.5172997931756452,1.0,1.0,0.5434896162018749,1.0
310,0.5389239176251247,1.0,0.6043019055877474,0.03459958635129042,1.0,1.0,1.0,1.0
311,0.4886513740592849,0.9497274564341602,0.5540293620219077,-0.01567295721454938,0.9497274564341602,0.9497274564341602,0.9497274564341602,0.9497274564341602
312,-0.004168160660719712,1.0,1.0,0.9843270427854506,1.0,1.0,0.4670272496098054,1.0
313,-0.49698769538072435,1.0,1.0,1.0,1.0,1.0,-0.0156729572145494,1.0
314,0.5030123046192756,0.5697190021101318,1.0,0.5071804652799954,1.0,1.0,0.27174480810093743,1.0
315,1.0,0.13943800422026362,1.0,0.01436093055999079,1.0,1.0,0.5591625734164243,1.0
316,0.9497274564341602,0.08916546065442382,0.9497274564341602,-0.03591161300584901,0.9497274564341602,0.9497274564341602,0.5088900298505845,0.9497274564341602
317,0.45690792171415556,0.5550956506916138,1.0,0.964088386994151,1.0,1.0,0.026189823026229707,1.0
318,-0.03591161300584903,1.0,1.0,1.0,1.0,1.0,-0.45651038379812514,1.0
319,0.2515061523096378,1.0,0.8021509527938737,0.5172997931756452,1.0,1.0,0.5434896162018749,1.0
320,0.5389239176251247,1.0,0.6043019055877474,0.03459958635129042,1.0,1.0,1.0,1.0
321,0.4886513740592849,0.9497274564341602,0.5540293620219077,-0.01567295721454938,0.9497274564341602,0.9497274564341602,0.9497274564341602,0.9497274564341602
322,-0.004168160660719712,1.0,1.0,0.9843270427854506,1.0,1.0,0.4670272496098054,1.0
323,-0.49698769538072435,1.0,1.0,1.0,1.0,1.0,-0.0156729572145494,1.0
324,0.5030123046192756,0.5697190021101318,1.0,0.5071804652799954,1.0,1.0,0.27174480810093743,1.0
325,1.0,0.13943800422026362,1.0,0.01436093055999079,1.0,1.0,0.5591625734164243,1.0
326,0.9497274564341602,0.08916546065442382,0.9497274564341602,-0.03591161300584901,0.9497274564341602,0.9497274564341602,0.5088900298505845,0.9497274564341602
327,0.45690792171415556,0.5550956506916138,1.0,0.964088386994151,1.0,1.0,0.026189823026229707,1.0
328,-0.03591161300584903,1.0,1.0,1.0,1.0,1.0,-0.45651038379812514,1.0
329,0.2515061523096378,1.0,0.8021509527938737,0.5172997931756452,1.0,1.0,0.5434896162018749,1.0
330,0.5389239176251247,1.0,0.6043019055877474,0.03459958635129042,1.0,1.0,1.0,1.0
331,0.4886513740592849,0.9497274564341602,0.5540293620219077,-0.01567295721454938,0.9497274564341602,0.9497274564341602,0.9497274564341602,0.9497274564341602
332,-0.004168160660719712,1.0,1.0,0.9843270427854506,1.0,1.0,0.4670272496098054,1.0
333,-0.49698769538072435,1.0,1.0,1.0,1.0,1.0,-0.0156729572145494,1.0
334,0.5030123046192756,0.5697190021101318,1.0,0.5071804652799954,1.0,1.0,0.27174480810093743,1.0
335,1.0,0.13943800422026362,1.0,0.01436093055999079,1.0,1.0,0.5591625734164243,1.0
336,0.9497274564341602,0.08916546065442382,0.9497274564341602,-0.03591161300584901,0.9497274564341602,0.9497274564341602,0.5088900298505845,0.9497274564341602
337,0.45690792171415556,0.5550956506916138,1.0,0.964088386994151,1.0,1.0,0.026189823026229707,1.0
338,-0.03591161300584903,1.0,1.0,1.0,1.0,1.0,-0.45651038379812514,1.0
339,0.964088386994151,0.5697190021101318,1.0,0.5071804652799954,1.0,1.0,-0.16909261848263826,1.0
340,1.0,0.13943800422026362,1.0,0.01436093055999079,1.0,1.0,0.11832514683284862,1.0
341,0.9497274564341602,0.08916546065442382,0.9497274564341602,-0.03591161300584901,0.9497274564341602,0.9497274564341602,0.06805260326700882,0.9497274564341602
342,0.45690792171415556,0.5550956506916138,1.0,0.964088386994151,1.0,1.0,-0.41464760355734603,1.0
343,-0.03591161300584903,1.0,1.0,1.0,1.0,1.0,-0.8973478103817008,1.0
344,0.2515061523096378,1.0,0.8021509527938737,0.5172997931756452,1.0,1.0,0.10265218961829925,1.0
345,0.5389239176251247,1.0,0.6043019055877474,0.03459958635129042,1.0,1.0,1.0,1.0
346,0.4886513740592849,0.9497274564341602,0.5540293620219077,-0.01567295721454938,0.9497274564341602,0.9497274564341602,0.9497274564341602,0.9497274564341602
347,-0.004168160660719712,1.0,1.0,0.9843270427854506,1.0,1.0,0.4670272496098054,1.0
348,-0.49698769538072435,1.0,1.0,1.0,1.0,1.0,-0.0156729572145494,1.0
349,0.5030123046192756,0.5697190021101318,1.0,0.5071804652799954,1.0,1.0,0.27174480810093743,1.0
350,1.0,0.13943800422026362,1.0,0.01436093055999079,1.0,1.0,0.5591625734164243,1.0
351,0.9497274564341602,0.08916546065442382,0.9497274564341602,-0.03591161300584901,0.9497274564341602,0.9497274564341602,0.5088900298505845,0.9497274564341602
352,0.45690792171415556,0.5550956506916138,1.0,0.964088386994151,1.0,1.0,0.026189823026229707,1.0
353,-0.03591161300584903,1.0,1.0,1.0,1.0,1.0,-0.45651038379812514,1.0
354,0.2515061523096378,1.0,0.8021509527938737,0.5172997931756452,1.0,1.0,0.5434896162018749,1.0
355,0.5389239176251247,1.0,0.6043019055877474,0.03459958635129042,1.0,1.0,1.0,1.0
356,0.4886513740592849,0.9497274564341602,0.5540293620219077,-0.01567295721454938,0.9497274564341602,0.9497274564341602,0.9497274564341602,0.9497274564341602
357,-0.004168160660719712,1.0,1.0,0.9843270427854506,1.0,1.0,0.4670272496098054,1.0
358,-0.49698769538072435,1.0,1.0,1.0,1.0,1.0,-0.0156729572145494,1.0
359,0.5030123046192756,0.5697190021101318,1.0,0.5071804652799954,1.0,1.0,0.27174480810093743,1.0
360,1.0,0.13943800422026362,1.0,0.01436093055999079,1.0,1.0,0.5591625734164243,1.0
361,0.9497274564341602,0.08916546065442382,0.9497274564341602,-0.03591161300584901,0.9497274564341602,0.9497274564341602,0.5088900298505845,0.9497274564341602
362,0.45690792171415556,0.5550956506916138,1.0,0.964088386994151,1.0,1.0,0.026189823026229707,1.0
363,-0.03591161300584903,1.0,1.0,1.0,1.0,1.0,-0.45651038379812514,1.0
364,0.2515061523096378,1.0,0.8021509527938737,0.5172997931756452,1.0,1.0,0.5434896162018749,1.0
365,0.5389239176251247,1.0,0.6043019055877474,0.03459958635129042,1.0,1.0,1.0,1.0
366,0.4886513740592849,0.9497274564341602,0.5540293620219077,-0.01567295721454938,0.9497274564341602,0.9497274564341602,0.9497274564341602,0.9497274564341602
367,-0.004168160660719712,1.0,1.0,0.9843270427854506,1.0,1.0,0.4670272496098054,1.0
368,-0.49698769538072435,1.0,1.0,1.0,1.0,1.0,-0.0156729572145494,1.0
369,0.5030123046192756,0.5697190021101318,1.0,0.5071804652799954,1.0,1.0,0.27174480810093743,1.0
370,1.0,0.13943800422026362,1.0,0.01436093055999079,1.0,1.0,0.5591625734164243,1.0
371,0.9497274564341602,0.08916546065442382,0.9497274564341602,-0.03591161300584901,0.9497274564341602,0.9497274564341602,0.5088900298505845,0.9497274564341602
372,0.45690792171415556,0.5550956506916138,1.0,0.964088386994151,1.0,1.0,0.026189823026229707,1.0
373,-0.03591161300584903,1.0,1.0,1.0,1.0,1.0,-0.45651038379812514,1.0
374,0.2515061523096378,1.0,0.8021509527938737,0.5172997931756452,1.0,1.0,0.5434896162018749,1.0
375,0.5389239176251247,1.0,0.6043019055877474,0.03459958635129042,1.0,1.0,1.0,1.0
376,0.4886513740592849,0.9497274564341602,0.5540293620219077,-0.01567295721454938,0.9497274564341602,0.9497274564341602,0.9497274564341602,0.9497274564341602
377,-0.004168160660719712,1.0,1.0,0.9843270427854506,1.0,1.0,0.4670272496098054,1.0
378,-0.49698769538072435,1.0,1.0,1.0,1.0,1.0,-0.0156729572145494,1.0
379,0.5030123046192756,0.5697190021101318,1.0,0.5071804652799954,1.0,1.0,0.27174480810093743,1.0
380,1.0,0.13943800422026362,1.0,0.01436093055999079,1.0,1.0,0.5591625734164243,1.0
381,0.9497274564341602,0.08916546065442382,0.9497274564341602,-0.03591161300584901,0.9497274564341602,0.9497274564341602,0.5088900298505845,0.9497274564341602
382,0.45690792171415556,0.5550956506916138,1.0,0.964088386994151,1.0,1.0,0.026189823026229707,1.0
383,-0.03591161300584903,1.0,1.0,1.0,1.0,1.0,-0.45651038379812514,1.0
384,0.2515061523096378,1.0,0.8021509527938737,0.5172997931756452,1.0,1.0,0.5434896162018749,1.0
385,0.5389239176251247,1.0,0.6043019055877474,0.03459958635129042,1.0,1.0,1.0,1.0
386,0.4886513740592849,0.9497274564341602,0.5540293620219077,-0.01567295721454938,0.9497274564341602,0.9497274564341602,0.9497274564341602,0.9497274564341602
387,-0.004168160660719712,1.0,1.0,0.9843270427854506,1.0,1.0,0.4670272496098054,1.0
388,-0.49698769538072435,1.0,1.0,1.0,1.0,1.0,-0.0156729572145494,1.0
389,0.5030123046192756,0.5697190021101318,1.0,0.5071804652799954,1.0,1.0,0.27174480810093743,1.0
390,1.0,0.13943800422026362,1.0,0.01436093055999079,1.0,1.0,0.5591625734164243,1.0
391,0.9497274564341602,0.08916546065442382,0.9497274564341602,-0.03591161300584901,0.9497274564341602,0.9497274564341602,0.5088900298505845,0.9497274564341602
392,0.45690792171415556,0.5550956506916138,1.0,0.964088386994151,1.0,1.0,0.026189823026229707,1.0
393,-0.03591161300584903,1.0,1.0,1.0,1.0,1.0,-0.45651038379812514,1.0
394,0.2515061523096378,1.0,0.8021509527938737,0.5172997931756452,1.0,1.0,0.5434896162018749,1.0
395,0.5389239176251247,1.0,0.6043019055877474,0.03459958635129042,1.0,1.0,1.0,1.0
396,0.4886513740592849,0.9497274564341602,0.5540293620219077,-0.01567295721454938,0.9497274564341602,0.9497274564341602,0.9497274564341602,0.9497274564341602
397,-0.004168160660719712,1.0,1.0,0.9843270427854506,1.0,1.0,0.4670272496098054,1.0
398,-0.49698769538072435,1.0,1.0,1.0,1.0,1.0,-0.0156729572145494,1.0
399,0.5030123046192756,0.5697190021101318,1.0,0.5071804652799954,1.0,1.0,0.27174480810093743,1.0
400,1.0,0.13943800422026362,1.0,0.01436093055999079,1.0,1.0,0.5591625734164243,1.0
401,0.9497274564341602,0.08916546065442382,0.9497274564341602,-0.03591161300584901,0.9497274564341602,0.9497274564341602,0.5088900298505845,0.9497274564341602
402,0.45690792171415556,0.5550956506916138,1.0,0.964088386994151,1.0,1.0,0.026189823026229707,1.0
403,-0.03591161300584903,1.0,1.0,1.0,1.0,1.0,-0.45651038379812514,1.0
404,0.2515061523096378,1.0,0.8021509527938737,0.5172997931756452,1.0,1.0,0.5434896162018749,1.0
405,0.5389239176251247,1.0,0.6043019055877474,0.03459958635129042,1.0,1.0,1.0,1.0
406,0.4886513740592849,0.9497274564341602,0.5540293620219077,-0.01567295721454938,0.9497274564341602,0.9497274564341602,0.9497274564341602,0.9497274564341602
407,-0.004168160660719712,1.0,1.0,0.9843270427854506,1.0,1.0,0.4670272496098054,1.0
408,-0.49698769538072435,1.0,1.0,1.0,1.0,1.0,-0.0156729572145494,1.0
409,0.5030123046192756,0.5697190021101318,1.0,0.5071804652799954,1.0,1.0,0.27174480810093743,1.0
410,1.0,0.13943800422026362,1.0,0.01436093055999079,1.0,1.0,0.5591625734164243,1.0
411,0.9497274564341602,0.08916546065442382,0.9497274564341602,-0.03591161300584901,0.9497274564341602,0.9497274564341602,0.5088900298505845,0.9497274564341602
412,0.45690792171415556,0.5550956506916138,1.0,0.964088386994151,1.0,1.0,0.026189823026229707,1.0
413,-0.03591161300584903,1.0,1.0,1.0,1.0,1.0,-0.45651038379812514,1.0
414,0.2515061523096378,1.0,0.8021509527938737,0.5172997931756452,1.0,1.0,0.5434896162018749,1.0
415,0.5389239176251247,1.0,0.6043019055877474,0.03459958635129042,1.0,1.0,1.0,1.0
416,0.4886513740592849,0.9497274564341602,0.5540293620219077,-0.01567295721454938,0.9497274564341602,0.9497274564341602,0.9497274564341602,0.9497274564341602
417,-0.004168160660719712,1.0,1.0,0.9843270427854506,1.0,1.0,0.4670272496098054,1.0
418,-0.49698769538072435,1.0,1.0,1.0,1.0,1.0,-0.0156729572145494,1.0
419,0.5030123046192756,0.5697190021101318,1.0,0.5071804652799954,1.0,1.0,0.27174480810093743,1.0
420,1.0,0.13943800422026362,1.0,0.01436093055999079,1.0,1.0,0.5591625734164243,1.0
421,0.9497274564341602,0.08916546065442382,0.9497274564341602,-0.03591161300584901,0.9497274564341602,0.9497274564341602,0.5088900298505845,0.9497274564341602
422,0.45690792171415556,0.5550956506916138,1.0,0.964088386994151,1.0,1.0,0.026189823026229707,1.0
423,-0.03591161300584903,1.0,1.0,1.0,1.0,1.0,-0.45651038379812514,1.0
424,0.2515061523096378,1.0,0.8021509527938737,0.5172997931756452,1.0,1.0,0.5434896162018749,1.0
425,0.5389239176251247,1.0,0.6043019055877474,0.03459958635129042,1.0,1.0,1.0,1.0
426,0.4886513740592849,0.9497274564341602,0.5540293620219077,-0.01567295721454938,0.9497274564341602,0.9497274564341602,0.9497274564341602,0.9497274564341602
427,-0.004168160660719712,1.0,1.0,0.9843270427854506,1.0,1.0,0.4670272496098054,1.0
428,-0.49698769538072435,1.0,1.0,1.0,1.0,1.0,-0.0156729572145494,1.0
429,0.5030123046192756,0.5697190021101318,1.0,0.5071804652799954,1.0,1.0,0.27174480810093743,1.0
430,1.0,0.13943800422026362,1.0,0.01436093055999079,1.0,1.0,0.5591625734164243,1.0
431,0.9497274564341602,0.08916546065442382,0.9497274564341602,-0.03591161300584901,0.9497274564341602,0.9497274564341602,0.5088900298505845,0.9497274564341602
432,0.45690792171415556,0.5550956506916138,1.0,0.964088386994151,1.0,1.0,0.026189823026229707,1.0
433,-0.03591161300584903,1.0,1.0,1.0,1.0,1.0,-0.45651038379812514,1.0
434,0.2515061523096378,1.0,0.8021509527938737,0.5172997931756452,1.0,1.0,0.5434896162018749,1.0
435,0.5389239176251247,1.0,0.6043019055877474,0.03459958635129042,1.0,1.0,1.0,1.0
436,0.4886513740592849,0.9497274564341602,0.5540293620219077,-0.01567295721454938,0.9497274564341602,0.9497274564341602,0.9497274564341602,0.9497274564341602
437,-0.004168160660719712,1.0,1.0,0.9843270427854506,1.0,1.0,0.4670272496098054,1.0
438,-0.49698769538072435,1.0,1.0,1.0,1.0,1.0,-0.0156729572145494,1.0
439,0.5030123046192756,0.5697190021101318,1.0,0.5071804652799954,1.0,1.0,0.27174480810093743,1.0
440,1.0,0.13943800422026362,1.0,0.01436093055999079,1.0,1.0,0.5591625734164243,1.0
441,0.9497274564341602,0.08916546065442382,0.9497274564341602,-0.03591161300584901,0.9497274564341602,0.9497274564341602,0.5088900298505845,0.9497274564341602
442,0.45690792171415556,0.5550956506916138,1.0,0.964088386994151,1.0,1.0,0.026189823026229707,1.0
443,-0.03591161300584903,1.0,1.0,1.0,1.0,1.0,-0.45651038379812514,1.0
444,0.2515061523096378,1.0,0.8021509527938737,0.5172997931756452,1.0,1.0,0.5434896162018749,1.0
445,0.5389239176251247,1.0,0.6043019055877474,0.03459958635129042,1.0,1.0,1.0,1.0
446,0.4886513740592849,0.9497274564341602,0.5540293620219077,-0.01567295721454938,0.9497274564341602,0.9497274564341602,0.9497274564341602,0.9497274564341602
447,-0.004168160660719712,1.0,1.0,0.9843270427854506,1.0,1.0,0.4670272496098054,1.0
448,-0.49698769538072435,1.0,1.0,1.0,1.0,1.0,-0.0156729572145494,1.0
449,0.5030123046192756,0.5697190021101318,1.0,0.5071804652799954,1.0,1.0,0.27174480810093743,1.0
450,1.0,0.13943800422026362,1.0,0.01436093055999079,1.0,1.0,0.5591625734164243,1.0
451,0.9497274564341602,0.08916546065442382,0.9497274564341602,-0.03591161300584901,0.9497274564341602,0.9497274564341602,0.5088900298505845,0.9497274564341602
452,0.45690792171415556,0.5550956506916138,1.0,0.964088386994151,1.0,1.0,0.026189823026229707,1.0
453,-0.03591161300584903,1.0,1.0,1.0,1.0,1.0,-0.45651038379812514,1.0
454,0.2515061523096378,1.0,0.8021509527938737,0.5172997931756452,1.0,1.0,0.5434896162018749,1.0
455,0.5389239176251247,1.0,0.6043019055877474,0.03459958635129042,1.0,1.0,1.0,1.0
456,0.4886513740592849,0.9497274564341602,0.5540293620219077,-0.01567295721454938,0.9497274564341602,0.9497274564341602,0.9497274564341602,0.9497274564341602
457,-0.004168160660719712,1.0,1.0,0.9843270427854506,1.0,1.0,0.4670272496098054,1.0
458,-0.49698769538072435,1.0,1.0,1.0,1.0,1.0,-0.0156729572145494,1.0
459,0.5030123046192756,0.5697190021101318,1.0,0.5071804652799954,1.0,1.0,0.27174480810093743,1.0
460,1.0,0.13943800422026362,1.0,0.01436093055999079,1.0,1.0,0.5591625734164243,1.0
461,0.9497274564341602,0.08916546065442382,0.9497274564341602,-0.03591161300584901,0.9497274564341602,0.9497274564341602,0.5088900298505845,0.9497274564341602
462,0.45690792171415556,0.5550956506916138,1.0,0.964088386994151,1.0,1.0,0.026189823026229707,1.0
463,-0.03591161300584903,1.0,1.0,1.0,1.0,1.0,-0.45651038379812514,1.0
464,0.2515061523096378,1.0,0.8021509527938737,0.5172997931756452,1.0,1.0,0.5434896162018749,1.0
465,0.5389239176251247,1.0,0.6043019055877474,0.03459958635129042,1.0,1.0,1.0,1.0
466,0.4886513740592849,0.9497274564341602,0.5540293620219077,-0.01567295721454938,0.9497274564341602,0.9497274564341602,0.9497274564341602,0.9497274564341602
467,-0.004168160660719712,1.0,1.0,0.9843270427854506,1.0,1.0,0.4670272496098054,1.0
468,-0.49698769538072435,1.0,1.0,1.0,1.0,1.0,-0.0156729572145494,1.0
469,0.5030123046192756,0.5697190021101318,1.0,0.5071804652799954,1.0,1.0,0.27174480810093743,1.0
470,1.0,0.13943800422026362,1.0,0.01436093055999079,1.0,1.0,0.5591625734164243,1.0
471,0.9497274564341602,0.08916546065442382,0.9497274564341602,-0.03591161300584901,0.9497274564341602,0.9497274564341602,0.5088900298505845,0.9497274564341602
472,0.45690792171415556,0.5550956506916138,1.0,0.964088386994151,1.0,1.0,0.026189823026229707,1.0
473,-0.03591161300584903,1.0,1.0,1.0,1.0,1.0,-0.45651038379812514,1.0
474,0.2515061523096378,1.0,0.8021509527938737,0.5172997931756452,1.0,1.0,0.5434896162018749,1.0
475,0.5389239176251247,1.0,0.6043019055877474,0.03459958635129042,1.0,1.0,1.0,1.0
476,0.4886513740592849,0.9497274564341602,0.5540293620219077,-0.01567295721454938,0.9497274564341602,0.9497274564341602,0.9497274564341602,0.9497274564341602
477,-0.004168160660719712,1.0,1.0,0.9843270427854506,1.0,1.0,0.4670272496098054,1.0
478,-0.49698769538072435,1.0,1.0,1.0,1.0,1.0,-0.0156729572145494,1.0
479,0.5030123046192756,0.5697190021101318,1.0,0.5071804652799954,1.0,1.0,0.27174480810093743,1.0
480,1.0,0.13943800422026362,1.0,0.01436093055999079,1.0,1.0,0.5591625734164243,1.0
481,0.9497274564341602,0.08916546065442382,0.9497274564341602,-0.03591161300584901,0.9497274564341602,0.9497274564341602,0.5088900298505845,0.9497274564341602
482,0.45690792171415556,0.5550956506916138,1.0,0.964088386994151,1.0,1.0,0.026189823026229707,1.0
483,-0.03591161300584903,1.0,1.0,1.0,1.0,1.0,-0.45651038379812514,1.0
484,0.2515061523096378,1.0,0.8021509527938737,0.5172997931756452,1.0,1.0,0.5434896162018749,1.0
485,0.5389239176251247,1.0,0.6043019055877474,0.03459958635129042,1.0,1.0,1.0,1.0
486,0.4886513740592849,0.9497274564341602,0.5540293620219077,-0.01567295721454938,0.9497274564341602,0.9497274564341602,0.9497274564341602,0.9497274564341602
487,-0.004168160660719712,1.0,1.0,0.9843270427854506,1.0,1.0,0.4670272496098054,1.0
488,-0.49698769538072435,1.0,1.0,1.0,1.0,1.0,-0.0156729572145494,1.0
489,0.5030123046192756,0.5697190021101318,1.0,0.5071804652799954,1.0,1.0,0.27174480810093743,1.0
490,1.0,0.13943800422026362,1.0,0.01436093055999079,1.0,1.0,0.5591625734164243,1.0
491,0.9497274564341602,0.08916546065442382,0.9497274564341602,-0.03591161300584901,0.9497274564341602,0.9497274564341602,0.5088900298505845,0.9497274564341602
492,0.45690792171415556,0.5550956506916138,1.0,0.964088386994151,1.0,1.0,0.026189823026229707,1.0
493,-0.03591161300584903,1.0,1.0,1.0,1.0,1.0,-0.45651038379812514,1.0
494,0.2515061523096378,1.0,0.8021509527938737,0.5172997931756452,1.0,1.0,0.5434896162018749,1.0
495,0.5389239176251247,1.0,0.6043019055877474,0.03459958635129042,1.0,1.0,1.0,1.0
496,0.4886513740592849,0.9497274564341602,0.5540293620219077,-0.01567295721454938,0.9497274564341602,0.9497274564341602,0.9497274564341602,0.9497274564341602
497,-0.004168160660719712,1.0,1.0,0.9843270427854506,1.0,1.0,0.4670272496098054,1.0
498,-0.49698769538072435,1.0,1.0,1.0,1.0,1.0,-0.0156729572145494,1.0
499,0.5030123046192756,0.5697190021101318,1.0,0.5071804652799954,1.0,1.0,0.27174480810093743,1.0
500,1.0,0.13943800422026362,1.0,0.01436093055999079,1.0,1.0,0.5591625734164243,1.0
501,0.9497274564341602,0.08916546065442382,0.9497274564341602,-0.03591161300584901,0.9497274564341602,0.9497274564341602,0.5088900298505845,0.9497274564341602
502,0.45690792171415556,0.5550956506916138,1.0,0.964088386994151,1.0,1.0,0.026189823026229707,1.0
503,-0.03591161300584903,1.0,1.0,1.0,1.0,1.0,-0.45651038379812514,1.0
504,0.2515061523096378,1.0,0.8021509527938737,0.5172997931756452,1.0,1.0,0.5434896162018749,1.0
505,0.5389239176251247,1.0,0.6043019055877474,0.03459958635129042,1.0,1.0,1.0,1.0
506,0.4886513740592849,0.9497274564341602,0.5540293620219077,-0.01567295721454938,0.9497274564341602,0.9497274564341602,0.9497274564341602,0.9497274564341602
507,-0.004168160660719712,1.0,1.0,0.9843270427854506,1.0,1.0,0.4670272496098054,1.0
508,-0.49698769538072435,1.0,1.0,1.0,1.0,1.0,-0.0156729572145494,1.0
509,0.5030123046192756,0.5697190021101318,1.0,0.5071804652799954,1.0,1.0,0.27174480810093743,1.0
510,1.0,0.13943800422026362,1.0,0.01436093055999079,1.0,1.0,0.5591625734164243,1.0
511,0.9497274564341602,0.08916546065442382,0.9497274564341602,-0.03591161300584901,0.9497274564341602,0.9497274564341602,0.5088900298505845,0.9497274564341602
512,0.45690792171415556,0.5550956506916138,1.0,0.964088386994151,1.0,1.0,0.026189823026229707,1.0
513,-0.03591161300584903,1.0,1.0,1.0,1.0,1.0,-0.45651038379812514,1.0
514,0.2515061523096378,1.0,0.8021509527938737,0.5172997931756452,1.0,1.0,0.5434896162018749,1.0
515,0.5389239176251247,1.0,0.6043019055877474,0.03459958635129042,1.0,1.0,1.0,1.0
516,0.4886513740592849,0.9497274564341602,0.5540293620219077,-0.01567295721454938,0.9497274564341602,0.9497274564341602,0.9497274564341602,0.9497274564341602
517,-0.004168160660719712,1.0,1.0,0.9843270427854506,1.0,1.0,0.4670272496098054,1.0
518,-0.49698769538072435,1.0,1.0,1.0,1.0,1.0,-0.0156729572145494,1.0
519,0.5030123046192756,0.5697190021101318,1.0,0.5071804652799954,1.0,1.0,0.27174480810093743,1.0
520,1.0,0.13943800422026362,1.0,0.01436093055999079,1.0,1.0,0.5591625734164243,1.0
521,0.9497274564341602,0.08916546065442382,0.9497274564341602,-0.03591161300584901,0.9497274564341602,0.9497274564341602,0.5088900298505845,0.9497274564341602
522,0.45690792171415556,0.5550956506916138,1.0,0.964088386994151,1.0,1.0,0.026189823026229707,1.0
523,-0.03591161300584903,1.0,1.0,1.0,1.0,1.0,-0.45651038379812514,1.0
524,0.2515061523096378,1.0,0.8021509527938737,0.5172997931756452,1.0,1.0,0.5434896162018749,1.0
525,0.5389239176251247,1.0,0.6043019055877474,0.03459958635129042,1.0,1.0,1.0,1.0
526,0.4886513740592849,0.9497274564341602,0.5540293620219077,-0.01567295721454938,0.9497274564341602,0.9497274564341602,0.9497274564341602,0.9497274564341602
527,-0.004168160660719712,1.0,1.0,0.9843270427854506,1.0,1.0,0.4670272496098054,1.0
528,-0.49698769538072435,1.0,1.0,1.0,1.0,1.0,-0.0156729572145494,1.0
529,0.5030123046192756,0.5697190021101318,1.0,0.5071804652799954,1.0,1.0,0.27174480810093743,1.0
530,1.0,0.13943800422026362,1.0,0.01436093055999079,1.0,1.0,0.5591625734164243,1.0
531,0.9497274564341602,0.08916546065442382,0.9497274564341602,-0.03591161300584901,0.9497274564341602,0.9497274564341602,0.5088900298505845,0.9497274564341602
532,0.45690792171415556,0.5550956506916138,1.0,0.964088386994151,1.0,1.0,0.026189823026229707,1.0
533,-0.03591161300584903,1.0,1.0,1.0,1.0,1.0,-0.45651038379812514,1.0
534,0.2515061523096378,1.0,0.8021509527938737,0.5172997931756452,1.0,1.0,0.5434896162018749,1.0
535,0.5389239176251247,1.0,0.6043019055877474,0.03459958635129042,1.0,1.0,1.0,1.0
536,0.4886513740592849,0.9497274564341602,0.5540293620219077,-0.01567295721454938,0.9497274564341602,0.9497274564341602,0.9497274564341602,0.9497274564341602
537,-0.004168160660719712,1.0,1.0,0.9843270427854506,1.0,1.0,0.4670272496098054,1.0
538,-0.49698769538072435,1.0,1.0,1.0,1.0,1.0,-0.0156729572145494,1.0
539,0.5030123046192756,0.5697190021101318,1.0,0.5071804652799954,1.0,1.0,0.27174480810093743,1.0
540,1.0,0.13943800422026362,1.0,0.01436093055999079,1.0,1.0,0.5591625734164243,1.0
541,0.9497274564341602,0.08916546065442382,0.9497274564341602,-0.03591161300584901,0.9497274564341602,0.9497274564341602,0.5088900298505845,0.9497274564341602
542,0.45690792171415556,0.5550956506916138,1.0,0.964088386994151,1.0,1.0,0.026189823026229707,1.0
543,-0.03591161300584903,1.0,1.0,1.0,1.0,1.0,-0.45651038379812514,1.0
544,0.2515061523096378,1.0,0.8021509527938737,0.5172997931756452,1.0,1.0,0.5434896162018749,1.0
545,0.5389239176251247,1.0,0.6043019055877474,0.03459958635129042,1.0,1.0,1.0,1.0
546,0.4886513740592849,0.9497274564341602,0.5540293620219077,-0.01567295721454938,0.9497274564341602,0.9497274564341602,0.9497274564341602,0.9497274564341602
547,-0.004168160660719712,1.0,1.0,0.9843270427854506,1.0,1.0,0.4670272496098054,1.0
548,-0.49698769538072435,1.0,1.0,1.0,1.0,1.0,-0.0156729572145494,1.0
549,0.5030123046192756,0.5697190021101318,1.0,0.5071804652799954,1.0,1.0,0.27174480810093743,1.0
550,1.0,0.13943800422026362,1.0,0.01436093055999079,1.0,1.0,0.5591625734164243,1.0
551,0.9497274564341602,0.08916546065442382,0.9497274564341602,-0.03591161300584901,0.9497274564341602,0.9497274564341602,0.5088900298505845,0.9497274564341602
552,0.45690792171415556,0.5550956506916138,1.0,0.964088386994151,1.0,1.0,0.026189823026229707,1.0
553,-0.03591161300584903,1.0,1.0,1.0,1.0,1.0,-0.45651038379812514,1.0
554,0.2515061523096378,1.0,0.8021509527938737,0.5172997931756452,1.0,1.0,0.5434896162018749,1.0
555,0.5389239176251247,1.0,0.6043019055877474,0.03459958635129042,1.0,1.0,1.0,1.0
556,0.4886513740592849,0.9497274564341602,0.5540293620219077,-0.01567295721454938,0.9497274564341602,0.9497274564341602,0.9497274564341602,0.9497274564341602
557,-0.004168160660719712,1.0,1.0,0.9843270427854506,1.0,1.0,0.4670272496098054,1.0
558,-0.49698769538072435,1.0,1.0,1.0,1.0,1.0,-0.0156729572145494,1.0
559,0.5030123046192756,0.5697190021101318,1.0,0.5071804652799954,1.0,1.0,0.27174480810093743,1.0
560,1.0,0.13943800422026362,1.0,0.01436093055999079,1.0,1.0,0.5591625734164243,1.0
561,0.9497274564341602,0.08916546065442382,0.9497274564341602,-0.03591161300584901,0.9497274564341602,0.9497274564341602,0.5088900298505845,0.9497274564341602
562,0.45690792171415556,0.5550956506916138,1.0,0.964088386994151,1.0,1.0,0.026189823026229707,1.0
563,-0.03591161300584903,1.0,1.0,1.0,1.0,1.0,-0.45651038379812514,1.0
564,0.2515061523096378,1.0,0.8021509527938737,0.5172997931756452,1.0,1.0,0.5434896162018749,1.0
565,0.5389239176251247,1.0,0.6043019055877474,0.03459958635129042,1.0,1.0,1.0,1.0
566,0.4886513740592849,0.9497274564341602,0.5540293620219077,-0.01567295721454938,0.9497274564341602,0.9497274564341602,0.9497274564341602,0.9497274564341602
567,-0.004168160660719712,1.0,1.0,0.9843270427854506,1.0,1.0,0.4670272496098054,1.0
568,-0.49698769538072435,1.0,1.0,1.0,1.0,1.0,-0.0156729572145494,1.0
569,0.5030123046192756,0.5697190021101318,1.0,0.5071804652799954,1.0,1.0,0.27174480810093743,1.0
570,1.0,0.13943800422026362,1.0,0.01436093055999079,1.0,1.0,0.5591625734164243,1.0
571,0.9497274564341602,0.08916546065442382,0.9497274564341602,-0.03591161300584901,0.9497274564341602,0.9497274564341602,0.5088900298505845,0.9497274564341602
572,0.45690792171415556,0.5550956506916138,1.0,0.964088386994151,1.0,1.0,0.026189823026229707,1.0
573,-0.03591161300584903,1.0,1.0,1.0,1.0,1.0,-0.45651038379812514,1.0
574,0.2515061523096378,1.0,0.8021509527938737,0.5172997931756452,1.0,1.0,0.5434896162018749,1.0
575,0.5389239176251247,1.0,0.6043019055877474,0.03459958635129042,1.0,1.0,1.0,1.0
576,0.4886513740592849,0.9497274564341602,0.5540293620219077,-0.01567295721454938,0.9497274564341602,0.9497274564341602,0.9497274564341602,0.9497274564341602
577,-0.004168160660719712,1.0,1.0,0.9843270427854506,1.0,1.0,0.4670272496098054,1.0
578,-0.49698769538072435,1.0,1.0,1.0,1.0,1.0,-0.0156729572145494,1.0
579,0.5030123046192756,0.5697190021101318,1.0,0.5071804652799954,1.0,1.0,0.27174480810093743,1.0
580,1.0,0.13943800422026362,1.0,0.01436093055999079,1.0,1.0,0.5591625734164243,1.0
581,0.9497274564341602,0.08916546065442382,0.9497274564341602,-0.03591161300584901,0.9497274564341602,0.9497274564341602,0.5088900298505845,0.9497274564341602
582,0.45690792171415556,0.5550956506916138,1.0,0.964088386994151,1.0,1.0,0.026189823026229707,1.0
583,-0.03591161300584903,1.0,1.0,1.0,1.0,1.0,-0.45651038379812514,1.0
584,0.2515061523096378,1.0,0.8021509527938737,0.5172997931756452,1.0,1.0,0.5434896162018749,1.0
585,0.5389239176251247,1.0,0.6043019055877474,0.03459958635129042,1.0,1.0,1.0,1.0
586,0.4886513740592849,0.9497274564341602,0.5540293620219077,-0.01567295721454938,0.9497274564341602,0.9497274564341602,0.9497274564341602,0.9497274564341602
587,-0.004168160660719712,1.0,1.0,0.9843270427854506,1.0,1.0,0.4670272496098054,1.0
588,-0.49698769538072435,1.0,1.0,1.0,1.0,1.0,-0.0156729572145494,1.0
589,0.5030123046192756,0.5697190021101318,1.0,0.5071804652799954,1.0,1.0,0.27174480810093743,1.0
590,1.0,0.13943800422026362,1.0,0.01436093055999079,1.0,1.0,0.5591625734164243,1.0
591,0.9497274564341602,0.08916546065442382,0.9497274564341602,-0.03591161300584901,0.9497274564341602,0.9497274564341602,0.5088900298505845,0.9497274564341602
592,0.45690792171415556,0.5550956506916138,1.0,0.964088386994151,1.0,1.0,0.026189823026229707,1.0
593,-0.03591161300584903,1.0,1.0,1.0,1.0,1.0,-0.45651038379812514,1.0
594,0.2515061523096378,1.0,0.8021509527938737,0.5172997931756452,1.0,1.0,0.5434896162018749,1.0
595,0.5389239176251247,1.0,0.6043019055877474,0.03459958635129042,1.0,1.0,1.0,1.0
596,0.4886513740592849,0.9497274564341602,0.5540293620219077,-0.01567295721454938,0.9497274564341602,0.9497274564341602,0.9497274564341602,0.9497274564341602
597,-0.004168160660719712,1.0,1.0,0.9843270427854506,1.0,1.0,0.4670272496098054,1.0
598,-0.49698769538072435,1.0,1.0,1.0,1.0,1.0,-0.0156729572145494,1.0
599,0.5030123046192756,0.5697190021101318,1.0,0.5071804652799954,1.0,1.0,0.27174480810093743,1.0
600,1.0,0.13943800422026362,1.0,0.01436093055999079,1.0,1.0,0.5591625734164243,1.0
601,0.9497274564341602,0.08916546065442382,0.9497274564341602,-0.03591161300584901,0.9497274564341602,0.9497274564341602,0.5088900298505845,0.9497274564341602
602,0.45690792171415556,0.5550956506916138,1.0,0.964088386994151,1.0,1.0,0.026189823026229707,1.0
603,-0.03591161300584903,1.0,1.0,1.0,1.0,1.0,-0.45651038379812514,1.0
604,0.2515061523096378,1.0,0.8021509527938737,0.5172997931756452,1.0,1.0,0.5434896162018749,1.0
605,0.5389239176251247,1.0,0.6043019055877474,0.03459958635129042,1.0,1.0,1.0,1.0
606,0.4886513740592849,0.9497274564341602,0.5540293620219077,-0.01567295721454938,0.9497274564341602,0.9497274564341602,0.9497274564341602,0.9497274564341602
607,-0.004168160660719712,1.0,1.0,0.9843270427854506,1.0,1.0,0.4670272496098054,1.0
608,-0.49698769538072435,1.0,1.0,1.0,1.0,1.0,-0.0156729572145494,1.0
609,0.5030123046192756,0.5697190021101318,1.0,0.5071804652799954,1.0,1.0,0.27174480810093743,1.0
610,1.0,0.13943800422026362,1.0,0.01436093055999079,1.0,1.0,0.5591625734164243,1.0
611,0.9497274564341602,0.08916546065442382,0.9497274564341602,-0.03591161300584901,0.9497274564341602,0.9497274564341602,0.5088900298505845,0.9497274564341602
612,0.45690792171415556,0.5550956506916138,1.0,0.964088386994151,1.0,1.0,0.026189823026229707,1.0
613,-0.03591161300584903,1.0,1.0,1.0,1.0,1.0,-0.45651038379812514,1.0
614,0.2515061523096378,1.0,0.8021509527938737,0.5172997931756452,1.0,1.0,0.5434896162018749,1.0
615,0.5389239176251247,1.0,0.6043019055877474,0.03459958635129042,1.0,1.0,1.0,1.0
616,0.4886513740592849,0.9497274564341602,0.5540293620219077,-0.01567295721454938,0.9497274564341602,0.9497274564341602,0.9497274564341602,0.9497274564341602
617,-0.004168160660719712,1.0,1.0,0.9843270427854506,1.0,1.0,0.4670272496098054,1.0
618,-0.49698769538072435,1.0,1.0,1.0,1.0,1.0,-0.0156729572145494,1.0
619,0.5030123046192756,0.5697190021101318,1.0,0.5071804652799954,1.0,1.0,0.27174480810093743,1.0
620,1.0,0.13943800422026362,1.0,0.01436093055999079,1.0,1.0,0.5591625734164243,1.0
621,0.9497274564341602,0.08916546065442382,0.9497274564341602,-0.03591161300584901,0.9497274564341602,0.9497274564341602,0.5088900298505845,0.9497274564341602
622,0.45690792171415556,0.5550956506916138,1.0,0.964088386994151,1.0,1.0,0.026189823026229707,1.0
623,-0.03591161300584903,1.0,1.0,1.0,1.0,1.0,-0.45651038379812514,1.0
624,0.2515061523096378,1.0,0.8021509527938737,0.5172997931756452,1.0,1.0,0.5434896162018749,1.0
625,0.5389239176251247,1.0,0.6043019055877474,0.03459958635129042,1.0,1.0,1.0,1.0
626,0.4886513740592849,0.9497274564341602,0.5540293620219077,-0.01567295721454938,0.9497274564341602,0.9497274564341602,0.9497274564341602,0.9497274564341602
627,-0.004168160660719712,1.0,1.0,0.9843270427854506,1.0,1.0,0.4670272496098054,1.0
628,-0.49698769538072435,1.0,1.0,1.0,1.0,1.0,-0.0156729572145494,1.0
629,0.5030123046192756,0.5697190021101318,1.0,0.5071804652799954,1.0,1.0,0.27174480810093743,1.0
630,1.0,0.13943800422026362,1.0,0.01436093055999079,1.0,1.0,0.5591625734164243,1.0
631,0.9497274564341602,0.08916546065442382,0.9497274564341602,-0.03591161300584901,0.9497274564341602,0.9497274564341602,0.5088900298505845,0.9497274564341602
632,0.45690792171415556,0.5550956506916138,1.0,0.964088386994151,1.0,1.0,0.026189823026229707,1.0
633,-0.03591161300584903,1.0,1.0,1.0,1.0,1.0,-0.45651038379812514,1.0
634,0.2515061523096378,1.0,0.8021509527938737,0.5172997931756452,1.0,1.0,0.5434896162018749,1.0
635,0.5389239176251247,1.0,0.6043019055877474,0.03459958635129042,1.0,1.0,1.0,1.0
636,0.4886513740592849,0.9497274564341602,0.5540293620219077,-0.01567295721454938,0.9497274564341602,0.9497274564341602,0.9497274564341602,0.9497274564341602
637,-0.004168160660719712,1.0,1.0,0.9843270427854506,1.0,1.0,0.4670272496098054,1.0
638,-0.49698769538072435,1.0,1.0,1.0,1.0,1.0,-0.0156729572145494,1.0
639,0.5030123046192756,0.5697190021101318,1.0,0.5071804652799954,1.0,1.0,0.27174480810093743,1.0
640,1.0,0.13943800422026362,1.0,0.01436093055999079,1.0,1.0,0.5591625734164243,1.0
641,0.9497274564341602,0.08916546065442382,0.9497274564341602,-0.03591161300584901,0.9497274564341602,0.9497274564341602,0.5088900298505845,0.9497274564341602
642,0.45690792171415556,0.5550956506916138,1.0,0.964088386994151,1.0,1.0,0.026189823026229707,1.0
643,-0.03591161300584903,1.0,1.0,1.0,1.0,1.0,-0.45651038379812514,1.0
644,0.964088386994151,0.5697190021101318,1.0,0.5071804652799954,1.0,1.0,-0.16909261848263826,1.0
645,1.0,0.13943800422026362,1.0,0.01436093055999079,1.0,1.0,0.11832514683284862,1.0
646,0.9497274564341602,0.08916546065442382,0.9497274564341602,-0.03591161300584901,0.9497274564341602,0.9497274564341602,0.06805260326700882,0.9497274564341602
647,0.45690792171415556,0.5550956506916138,1.0,0.964088386994151,1.0,1.0,-0.41464760355734603,1.0
648,-0.03591161300584903,1.0,1.0,1.0,1.0,1.0,-0.8973478103817008,1.0
649,0.2515061523096378,1.0,0.8021509527938737,0.5172997931756452,1.0,1.0,0.10265218961829925,1.0
650,0.5389239176251247,1.0,0.6043019055877474,0.03459958635129042,1.0,1.0,1.0,1.0
651,0.4886513740592849,0.9497274564341602,0.5540293620219077,-0.01567295721454938,0.9497274564341602,0.9497274564341602,0.9497274564341602,0.9497274564341602
652,-0.004168160660719712,1.0,1.0,0.9843270427854506,1.0,1.0,0.4670272496098054,1.0
653,-0.49698769538072435,1.0,1.0,1.0,1.0,1.0,-0.0156729572145494,1.0
654,0.5030123046192756,0.5697190021101318,1.0,0.5071804652799954,1.0,1.0,0.27174480810093743,1.0
655,1.0,0.13943800422026362,1.0,0.01436093055999079,1.0,1.0,0.5591625734164243,1.0
656,0.9497274564341602,0.08916546065442382,0.9497274564341602,-0.03591161300584901,0.9497274564341602,0.9497274564341602,0.5088900298505845,0.9497274564341602
657,0.45690792171415556,0.5550956506916138,1.0,0.964088386994151,1.0,1.0,0.026189823026229707,1.0
658,-0.03591161300584903,1.0,1.0,1.0,1.0,1.0,-0.45651038379812514,1.0
659,0.2515061523096378,1.0,0.8021509527938737,0.5172997931756452,1.0,1.0,0.5434896162018749,1.0
660,0.5389239176251247,1.0,0.6043019055877474,0.03459958635129042,1.0,1.0,1.0,1.0
661,0.4886513740592849,0.9497274564341602,0.5540293620219077,-0.01567295721454938,0.9497274564341602,0.9497274564341602,0.9497274564341602,0.9497274564341602
662,-0.004168160660719712,1.0,1.0,0.9843270427854506,1.0,1.0,0.4670272496098054,1.0
663,-0.49698769538072435,1.0,1.0,1.0,1.0,1.0,-0.0156729572145494,1.0
664,0.5030123046192756,0.5697190021101318,1.0,0.5071804652799954,1.0,1.0,0.27174480810093743,1.0
665,1.0,0.13943800422026362,1.0,0.01436093055999079,1.0,1.0,0.5591625734164243,1.0
666,0.9497274564341602,0.08916546065442382,0.9497274564341602,-0.03591161300584901,0.9497274564341602,0.9497274564341602,0.5088900298505845,0.9497274564341602
667,0.45690792171415556,0.5550956506916138,1.0,0.964088386994151,1.0,1.0,0.026189823026229707,1.0
668,-0.03591161300584903,1.0,1.0,1.0,1.0,1.0,-0.45651038379812514,1.0
669,0.2515061523096378,1.0,0.8021509527938737,0.5172997931756452,1.0,1.0,0.5434896162018749,1.0
670,0.5389239176251247,1.0,0.6043019055877474,0.03459958635129042,1.0,1.0,1.0,1.0
671,0.4886513740592849,0.9497274564341602,0.5540293620219077,-0.01567295721454938,0.9497274564341602,0.9497274564341602,0.9497274564341602,0.9497274564341602
672,-0.004168160660719712,1.0,1.0,0.9843270427854506,1.0,1.0,0.4670272496098054,1.0
673,-0.49698769538072435,1.0,1.0,1.0,1.0,1.0,-0.0156729572145494,1.0
674,0.5030123046192756,0.5697190021101318,1.0,0.5071804652799954,1.0,1.0,0.27174480810093743,1.0
675,1.0,0.13943800422026362,1.0,0.01436093055999079,1.0,1.0,0.5591625734164243,1.0
676,0.9497274564341602,0.08916546065442382,0.9497274564341602,-0.03591161300584901,0.9497274564341602,0.9497274564341602,0.5088900298505845,0.9497274564341602
677,0.45690792171415556,0.5550956506916138,1.0,0.964088386994151,1.0,1.0,0.026189823026229707,1.0
678,-0.03591161300584903,1.0,1.0,1.0,1.0,1.0,-0.45651038379812514,1.0
679,0.2515061523096378,1.0,0.8021509527938737,0.5172997931756452,1.0,1.0,0.5434896162018749,1.0
680,0.5389239176251247,1.0,0.6043019055877474,0.03459958635129042,1.0,1.0,1.0,1.0
681,0.4886513740592849,0.9497274564341602,0.5540293620219077,-0.01567295721454938,0.9497274564341602,0.9497274564341602,0.9497274564341602,0.9497274564341602
682,-0.004168160660719712,1.0,1.0,0.9843270427854506,1.0,1.0,0.4670272496098054,1.0
683,-0.49698769538072435,1.0,1.0,1.0,1.0,1.0,-0.0156729572145494,1.0
684,0.5030123046192756,0.5697190021101318,1.0,0.5071804652799954,1.0,1.0,0.27174480810093743,1.0
685,1.0,0.13943800422026362,1.0,0.01436093055999079,1.0,1.0,0.5591625734164243,1.0
686,0.9497274564341602,0.08916546065442382,0.9497274564341602,-0.03591161300584901,0.9497274564341602,0.9497274564341602,0.5088900298505845,0.9497274564341602
687,0.45690792171415556,0.5550956506916138,1.0,0.964088386994151,1.0,1.0,0.026189823026229707,1.0
688,-0.03591161300584903,1.0,1.0,1.0,1.0,1.0,-0.45651038379812514,1.0
689,0.2515061523096378,1.0,0.8021509527938737,0.5172997931756452,1.0,1.0,0.5434896162018749,1.0
690,0.5389239176251247,1.0,0.6043019055877474,0.03459958635129042,1.0,1.0,1.0,1.0
691,0.4886513740592849,0.9497274564341602,0.5540293620219077,-0.01567295721454938,0.9497274564341602,0.9497274564341602,0.9497274564341602,0.9497274564341602
692,-0.004168160660719712,1.0,1.0,0.9843270427854506,1.0,1.0,0.4670272496098054,1.0
693,-0.49698769538072435,1.0,1.0,1.0,1.0,1.0,-0.0156729572145494,1.0
694,0.5030123046192756,0.5697190021101318,1.0,0.5071804652799954,1.0,1.0,0.27174480810093743,1.0
695,1.0,0.13943800422026362,1.0,0.01436093055999079,1.0,1.0,0.5591625734164243,1.0
696,0.9497274564341602,0.08916546065442382,0.9497274564341602,-0.03591161300584901,0.9497274564341602,0.9497274564341602,0.5088900298505845,0.9497274564341602
697,0.45690792171415556,0.5550956506916138,1.0,0.964088386994151,1.0,1.0,0.026189823026229707,1.0
698,-0.03591161300584903,1.0,1.0,1.0,1.0,1.0,-0.45651038379812514,1.0
699,0.2515061523096378,1.0,0.8021509527938737,0.5172997931756452,1.0,1.0,0.5434896162018749,1.0
700,0.5389239176251247,1.0,0.6043019055877474,0.03459958635129042,1.0,1.0,1.0,1.0
701,0.4886513740592849,0.9497274564341602,0.5540293620219077,-0.01567295721454938,0.9497274564341602,0.9497274564341602,0.9497274564341602,0.9497274564341602
702,-0.004168160660719712,1.0,1.0,0.9843270427854506,1.0,1.0,0.4670272496098054,1.0
703,-0.49698769538072435,1.0,1.0,1.0,1.0,1.0,-0.0156729572145494,1.0
704,0.5030123046192756,0.5697190021101318,1.0,0.5071804652799954,1.0,1.0,0.27174480810093743,1.0
705,1.0,0.13943800422026362,1.0,0.01436093055999079,1.0,1.0,0.5591625734164243,1.0
706,0.9497274564341602,0.08916546065442382,0.9497274564341602,-0.03591161300584901,0.9497274564341602,0.9497274564341602,0.5088900298505845,0.9497274564341602
707,0.45690792171415556,0.5550956506916138,1.0,0.964088386994151,1.0,1.0,0.026189823026229707,1.0
708,-0.03591161300584903,1.0,1.0,1.0,1.0,1.0,-0.45651038379812514,1.0
709,0.2515061523096378,1.0,0.8021509527938737,0.5172997931756452,1.0,1.0,0.5434896162018749,1.0
710,0.5389239176251247,1.0,0.6043019055877474,0.03459958635129042,1.0,1.0,1.0,1.0
711,0.4886513740592849,0.9497274564341602,0.5540293620219077,-0.01567295721454938,0.9497274564341602,0.9497274564341602,0.9497274564341602,0.9497274564341602
712,-0.004168160660719712,1.0,1.0,0.9843270427854506,1.0,1.0,0.4670272496098054,1.0
713,-0.49698769538072435,1.0,1.0,1.0,1.0,1.0,-0.0156729572145494,1.0
714,0.5030123046192756,0.5697190021101318,1.0,0.5071804652799954,1.0,1.0,0.27174480810093743,1.0
715,1.0,0.13943800422026362,1.0,0.01436093055999079,1.0,1.0,0.5591625734164243,1.0
716,0.9497274564341602,0.08916546065442382,0.9497274564341602,-0.03591161300584901,0.9497274564341602,0.9497274564341602,0.5088900298505845,0.9497274564341602
717,0.45690792171415556,0.5550956506916138,1.0,0.964088386994151,1.0,1.0,0.026189823026229707,1.0
718,-0.03591161300584903,1.0,1.0,1.0,1.0,1.0,-0.45651038379812514,1.0
719,0.2515061523096378,1.0,0.8021509527938737,0.5172997931756452,1.0,1.0,0.5434896162018749,1.0
720,0.5389239176251247,1.0,0.6043019055877474,0.03459958635129042,1.0,1.0,1.0,1.0
721,0.4886513740592849,0.9497274564341602,0.5540293620219077,-0.01567295721454938,0.9497274564341602,0.9497274564341602,0.9497274564341602,0.9497274564341602
722,-0.004168160660719712,1.0,1.0,0.9843270427854506,1.0,1.0,0.4670272496098054,1.0
723,-0.49698769538072435,1.0,1.0,1.0,1.0,1.0,-0.0156729572145494,1.0
724,0.5030123046192756,0.5697190021101318,1.0,0.5071804652799954,1.0,1.0,0.27174480810093743,1.0
725,1.0,0.13943800422026362,1.0,0.01436093055999079,1.0,1.0,0.5591625734164243,1.0
726,0.9497274564341602,0.08916546065442382,0.9497274564341602,-0.03591161300584901,0.9497274564341602,0.9497274564341602,0.5088900298505845,0.9497274564341602
727,0.45690792171415556,0.5550956506916138,1.0,0.964088386994151,1.0,1.0,0.026189823026229707,1.0
728,-0.03591161300584903,1.0,1.0,1.0,1.0,1.0,-0.45651038379812514,1.0
729,0.2515061523096378,1.0,0.8021509527938737,0.5172997931756452,1.0,1.0,0.5434896162018749,1.0
730,0.5389239176251247,1.0,0.6043019055877474,0.03459958635129042,1.0,1.0,1.0,1.0
731,0.4886513740592849,0.9497274564341602,0.5540293620219077,-0.01567295721454938,0.9497274564341602,0.9497274564341602,0.9497274564341602,0.9497274564341602
732,-0.004168160660719712,1.0,1.0,0.9843270427854506,1.0,1.0,0.4670272496098054,1.0
733,-0.49698769538072435,1.0,1.0,1.0,1.0,1.0,-0.0156729572145494,1.0
734,0.5030123046192756,0.5697190021101318,1.0,0.5071804652799954,1.0,1.0,0.27174480810093743,1.0
735,1.0,0.13943800422026362,1.0,0.01436093055999079,1.0,1.0,0.5591625734164243,1.0
736,0.9497274564341602,0.08916546065442382,0.9497274564341602,-0.03591161300584901,0.9497274564341602,0.9497274564341602,0.5088900298505845,0.9497274564341602
737,0.45690792171415556,0.5550956506916138,1.0,0.964088386994151,1.0,1.0,0.026189823026229707,1.0
738,-0.03591161300584903,1.0,1.0,1.0,1.0,1.0,-0.45651038379812514,1.0
739,0.964088386994151,0.5697190021101318,1.0,0.5071804652799954,1.0,1.0,-0.16909261848263826,1.0
740,1.0,0.13943800422026362,1.0,0.01436093055999079,1.0,1.0,0.11832514683284862,1.0
741,0.9497274564341602,0.08916546065442382,0.9497274564341602,-0.03591161300584901,0.9497274564341602,0.9497274564341602,0.06805260326700882,0.9497274564341602
742,0.45690792171415556,0.5550956506916138,1.0,0.964088386994151,1.0,1.0,-0.41464760355734603,1.0
743,-0.03591161300584903,1.0,1.0,1.0,1.0,1.0,-0.8973478103817008,1.0
744,0.2515061523096378,1.0,0.8021509527938737,0.5172997931756452,1.0,1.0,0.10265218961829925,1.0
745,0.5389239176251247,1.0,0.6043019055877474,0.03459958635129042,1.0,1.0,1.0,1.0
746,0.4886513740592849,0.9497274564341602,0.5540293620219077,-0.01567295721454938,0.9497274564341602,0.9497274564341602,0.9497274564341602,0.9497274564341602
747,-0.004168160660719712,1.0,1.0,0.9843270427854506,1.0,1.0,0.4670272496098054,1.0
748,-0.49698769538072435,1.0,1.0,1.0,1.0,1.0,-0.0156729572145494,1.0
749,0.5030123046192756,0.5697190021101318,1.0,0.5071804652799954,1.0,1.0,0.27174480810093743,1.0
750,1.0,0.13943800422026362,1.0,0.01436093055999079,1.0,1.0,0.5591625734164243,1.0
751,0.9497274564341602,0.08916546065442382,0.9497274564341602,-0.03591161300584901,0.9497274564341602,0.9497274564341602,0.5088900298505845,0.9497274564341602
752,0.45690792171415556,0.5550956506916138,1.0,0.964088386994151,1.0,1.0,0.026189823026229707,1.0
753,-0.03591161300584903,1.0,1.0,1.0,1.0,1.0,-0.45651038379812514,1.0
754,0.2515061523096378,1.0,0.8021509527938737,0.5172997931756452,1.0,1.0,0.5434896162018749,1.0
755,0.5389239176251247,1.0,0.6043019055877474,0.03459958635129042,1.0,1.0,1.0,1.0
756,0.4886513740592849,0.9497274564341602,0.5540293620219077,-0.01567295721454938,0.9497274564341602,0.9497274564341602,0.9497274564341602,0.9497274564341602
757,-0.004168160660719712,1.0,1.0,0.9843270427854506,1.0,1.0,0.4670272496098054,1.0
758,-0.49698769538072435,1.0,1.0,1.0,1.0,1.0,-0.0156729572145494,1.0
759,0.5030123046192756,0.5697190021101318,1.0,0.5071804652799954,1.0,1.0,0.27174480810093743,1.0
760,1.0,0.13943800422026362,1.0,0.01436093055999079,1.0,1.0,0.5591625734164243,1.0
761,0.9497274564341602,0.08916546065442382,0.9497274564341602,-0.03591161300584901,0.9497274564341602,0.9497274564341602,0.5088900298505845,0.9497274564341602
762,0.45690792171415556,0.5550956506916138,1.0,0.964088386994151,1.0,1.0,0.026189823026229707,1.0
763,-0.03591161300584903,1.0,1.0,1.0,1.0,1.0,-0.45651038379812514,1.0
764,0.2515061523096378,1.0,0.8021509527938737,0.5172997931756452,1.0,1.0,0.5434896162018749,1.0
765,0.5389239176251247,1.0,0.6043019055877474,0.03459958635129042,1.0,1.0,1.0,1.0
766,0.4886513740592849,0.9497274564341602,0.5540293620219077,-0.01567295721454938,0.9497274564341602,0.9497274564341602,0.9497274564341602,0.9497274564341602
767,-0.004168160660719712,1.0,1.0,0.9843270427854506,1.0,1.0,0.4670272496098054,1.0
768,-0.49698769538072435,1.0,1.0,1.0,1.0,1.0,-0.0156729572145494,1.0
769,0.5030123046192756,0.5697190021101318,1.0,0.5071804652799954,1.0,1.0,0.27174480810093743,1.0
770,1.0,0.13943800422026362,1.0,0.01436093055999079,1.0,1.0,0.5591625734164243,1.0
771,0.9497274564341602,0.08916546065442382,0.9497274564341602,-0.03591161300584901,0.9497274564341602,0.9497274564341602,0.5088900298505845,0.9497274564341602
772,0.45690792171415556,0.5550956506916138,1.0,0.964088386994151,1.0,1.0,0.026189823026229707,1.0
773,-0.03591161300584903,1.0,1.0,1.0,1.0,1.0,-0.45651038379812514,1.0
774,0.2515061523096378,1.0,0.8021509527938737,0.5172997931756452,1.0,1.0,0.5434896162018749,1.0
775,0.5389239176251247,1.0,0.6043019055877474,0.03459958635129042,1.0,1.0,1.0,1.0
776,0.4886513740592849,0.9497274564341602,0.5540293620219077,-0.01567295721454938,0.9497274564341602,0.9497274564341602,0.9497274564341602,0.9497274564341602
777,-0.004168160660719712,1.0,1.0,0.9843270427854506,1.0,1.0,0.4670272496098054,1.0
778,-0.49698769538072435,1.0,1.0,1.0,1.0,1.0,-0.0156729572145494,1.0
779,0.5030123046192756,0.5697190021101318,1.0,0.5071804652799954,1.0,1.0,0.27174480810093743,1.0
780,1.0,0.13943800422026362,1.0,0.01436093055999079,1.0,1.0,0.5591625734164243,1.0
781,0.9497274564341602,0.08916546065442382,0.9497274564341602,-0.03591161300584901,0.9497274564341602,0.9497274564341602,0.5088900298505845,0.9497274564341602
782,0.45690792171415556,0.5550956506916138,1.0,0.964088386994151,1.0,1.0,0.026189823026229707,1.0
783,-0.03591161300584903,1.0,1.0,1.0,1.0,1.0,-0.45651038379812514,1.0
784,0.2515061523096378,1.0,0.8021509527938737,0.5172997931756452,1.0,1.0,0.5434896162018749,1.0
785,0.5389239176251247,1.0,0.6043019055877474,0.03459958635129042,1.0,1.0,1.0,1.0
786,0.4886513740592849,0.9497274564341602,0.5540293620219077,-0.01567295721454938,0.9497274564341602,0.9497274564341602,0.9497274564341602,0.9497274564341602
787,-0.004168160660719712,1.0,1.0,0.9843270427854506,1.0,1.0,0.4670272496098054,1.0
788,-0.49698769538072435,1.0,1.0,1.0,1.0,1.0,-0.0156729572145494,1.0
789,0.5030123046192756,0.5697190021101318,1.0,0.5071804652799954,1.0,1.0,0.27174480810093743,1.0
790,1.0,0.13943800422026362,1.0,0.01436093055999079,1.0,1.0,0.5591625734164243,1.0
791,0.9497274564341602,0.08916546065442382,0.9497274564341602,-0.03591161300584901,0.9497274564341602,0.9497274564341602,0.5088900298505845,0.9497274564341602
792,0.45690792171415556,0.5550956506916138,1.0,0.964088386994151,1.0,1.0,0.026189823026229707,1.0
793,-0.03591161300584903,1.0,1.0,1.0,1.0,1.0,-0.45651038379812514,1.0
794,0.2515061523096378,1.0,0.8021509527938737,0.5172997931756452,1.0,1.0,0.5434896162018749,1.0
795,0.5389239176251247,1.0,0.6043019055877474,0.03459958635129042,1.0,1.0,1.0,1.0
796,0.4886513740592849,0.9497274564341602,0.5540293620219077,-0.01567295721454938,0.9497274564341602,0.9497274564341602,0.9497274564341602,0.9497274564341602
797,-0.004168160660719712,1.0,1.0,0.9843270427854506,1.0,1.0,0.4670272496098054,1.0
798,-0.49698769538072435,1.0,1.0,1.0,1.0,1.0,-0.0156729572145494,1.0
799,0.5030123046192756,0.5697190021101318,1.0,0.5071804652799954,1.0,1.0,0.27174480810093743,1.0
800,1.0,0.13943800422026362,1.0,0.01436093055999079,1.0,1.0,0.5591625734164243,1.0
801,0.9497274564341602,0.08916546065442382,0.9497274564341602,-0.03591161300584901,0.9497274564341602,0.9497274564341602,0.5088900298505845,0.9497274564341602
802,0.45690792171415556,0.5550956506916138,1.0,0.964088386994151,1.0,1.0,0.026189823026229707,1.0
803,-0.03591161300584903,1.0,1.0,1.0,1.0,1.0,-0.45651038379812514,1.0
804,0.2515061523096378,1.0,0.8021509527938737,0.5172997931756452,1.0,1.0,0.5434896162018749,1.0
805,0.5389239176251247,1.0,0.6043019055877474,0.03459958635129042,1.0,1.0,1.0,1.0
806,0.4886513740592849,0.9497274564341602,0.5540293620219077,-0.01567295721454938,0.9497274564341602,0.9497274564341602,0.9497274564341602,0.9497274564341602
807,-0.004168160660719712,1.0,1.0,0.9843270427854506,1.0,1.0,0.4670272496098054,1.0
808,-0.49698769538072435,1.0,1.0,1.0,1.0,1.0,-0.0156729572145494,1.0
809,0.5030123046192756,0.5697190021101318,1.0,0.5071804652799954,1.0,1.0,0.27174480810093743,1.0
810,1.0,0.13943800422026362,1.0,0.01436093055999079,1.0,1.0,0.5591625734164243,1.0
811,0.9497274564341602,0.08916546065442382,0.9497274564341602,-0.03591161300584901,0.9497274564341602,0.9497274564341602,0.5088900298505845,0.9497274564341602
812,0.45690792171415556,0.5550956506916138,1.0,0.964088386994151,1.0,1.0,0.026189823026229707,1.0
813,-0.03591161300584903,1.0,1.0,1.0,1.0,1.0,-0.45651038379812514,1.0
814,0.964088386994151,0.5697190021101318,1.0,0.5071804652799954,1.0,1.0,-0.16909261848263826,1.0
815,1.0,0.13943800422026362,1.0,0.01436093055999079,1.0,1.0,0.11832514683284862,1.0
816,0.9497274564341602,0.08916546065442382,0.9497274564341602,-0.03591161300584901,0.9497274564341602,0.9497274564341602,0.06805260326700882,0.9497274564341602
817,0.45690792171415556,0.5550956506916138,1.0,0.964088386994151,1.0,1.0,-0.41464760355734603,1.0
818,-0.03591161300584903,1.0,1.0,1.0,1.0,1.0,-0.8973478103817008,1.0
819,0.2515061523096378,1.0,0.8021509527938737,0.5172997931756452,1.0,1.0,0.10265218961829925,1.0
820,0.5389239176251247,1.0,0.6043019055877474,0.03459958635129042,1.0,1.0,1.0,1.0
821,0.4886513740592849,0.9497274564341602,0.5540293620219077,-0.01567295721454938,0.9497274564341602,0.9497274564341602,0.9497274564341602,0.9497274564341602
822,-0.004168160660719712,1.0,1.0,0.9843270427854506,1.0,1.0,0.4670272496098054,1.0
823,-0.49698769538072435,1.0,1.0,1.0,1.0,1.0,-0.0156729572145494,1.0
824,0.5030123046192756,0.5697190021101318,1.0,0.5071804652799954,1.0,1.0,0.27174480810093743,1.0
825,1.0,0.13943800422026362,1.0,0.01436093055999079,1.0,1.0,0.5591625734164243,1.0
826,0.9497274564341602,0.08916546065442382,0.9497274564341602,-0.03591161300584901,0.9497274564341602,0.9497274564341602,0.5088900298505845,0.9497274564341602
827,0.45690792171415556,0.5550956506916138,1.0,0.964088386994151,1.0,1.0,0.026189823026229707,1.0
828,-0.03591161300584903,1.0,1.0,1.0,1.0,1.0,-0.45651038379812514,1.0
829,0.2515061523096378,1.0,0.8021509527938737,0.5172997931756452,1.0,1.0,0.5434896162018749,1.0
830,0.5389239176251247,1.0,0.6043019055877474,0.03459958635129042,1.0,1.0,1.0,1.0
831,0.4886513740592849,0.9497274564341602,0.5540293620219077,-0.01567295721454938,0.9497274564341602,0.9497274564341602,0.9497274564341602,0.9497274564341602
832,-0.004168160660719712,1.0,1.0,0.9843270427854506,1.0,1.0,0.4670272496098054,1.0
833,-0.49698769538072435,1.0,1.0,1.0,1.0,1.0,-0.0156729572145494,1.0
834,0.5030123046192756,0.5697190021101318,1.0,0.5071804652799954,1.0,1.0,0.27174480810093743,1.0
835,1.0,0.13943800422026362,1.0,0.01436093055999079,1.0,1.0,0.5591625734164243,1.0
836,0.9497274564341602,0.08916546065442382,0.9497274564341602,-0.03591161300584901,0.9497274564341602,0.9497274564341602,0.5088900298505845,0.9497274564341602
837,0.45690792171415556,0.5550956506916138,1.0,0.964088386994151,1.0,1.0,0.026189823026229707,1.0
838,-0.03591161300584903,1.0,1.0,1.0,1.0,1.0,-0.45651038379812514,1.0
839,0.2515061523096378,1.0,0.8021509527938737,0.5172997931756452,1.0,1.0,0.5434896162018749,1.0
840,0.5389239176251247,1.0,0.6043019055877474,0.03459958635129042,1.0,1.0,1.0,1.0
841,0.4886513740592849,0.9497274564341602,0.5540293620219077,-0.01567295721454938,0.9497274564341602,0.9497274564341602,0.9497274564341602,0.9497274564341602
842,-0.004168160660719712,1.0,1.0,0.9843270427854506,1.0,1.0,0.4670272496098054,1.0
843,-0.49698769538072435,1.0,1.0,1.0,1.0,1.0,-0.0156729572145494,1.0
844,0.5030123046192756,0.5697190021101318,1.0,0.5071804652799954,1.0,1.0,0.27174480810093743,1.0
845,1.0,0.13943800422026362,1.0,0.01436093055999079,1.0,1.0,0.5591625734164243,1.0
846,0.9497274564341602,0.08916546065442382,0.9497274564341602,-0.03591161300584901,0.9497274564341602,0.9497274564341602,0.5088900298505845,0.9497274564341602
847,0.45690792171415556,0.5550956506916138,1.0,0.964088386994151,1.0,1.0,0.026189823026229707,1.0
848,-0.03591161300584903,1.0,1.0,1.0,1.0,1.0,-0.45651038379812514,1.0
849,0.2515061523096378,1.0,0.8021509527938737,0.5172997931756452,1.0,1.0,0.5434896162018749,1.0
850,0.5389239176251247,1.0,0.6043019055877474,0.03459958635129042,1.0,1.0,1.0,1.0
851,0.4886513740592849,0.9497274564341602,0.5540293620219077,-0.01567295721454938,0.9497274564341602,0.9497274564341602,0.9497274564341602,0.9497274564341602
852,-0.004168160660719712,1.0,1.0,0.9843270427854506,1.0,1.0,0.4670272496098054,1.0
853,-0.49698769538072435,1.0,1.0,1.0,1.0,1.0,-0.0156729572145494,1.0
854,0.5030123046192756,0.5697190021101318,1.0,0.5071804652799954,1.0,1.0,0.27174480810093743,1.0
855,1.0,0.13943800422026362,1.0,0.01436093055999079,1.0,1.0,0.5591625734164243,1.0
856,0.9497274564341602,0.08916546065442382,0.9497274564341602,-0.03591161300584901,0.9497274564341602,0.9497274564341602,0.5088900298505845,0.9497274564341602
857,0.45690792171415556,0.5550956506916138,1.0,0.964088386994151,1.0,1.0,0.026189823026229707,1.0
858,-0.03591161300584903,1.0,1.0,1.0,1.0,1.0,-0.45651038379812514,1.0
859,0.2515061523096378,1.0,0.8021509527938737,0.5172997931756452,1.0,1.0,0.5434896162018749,1.0
860,0.5389239176251247,1.0,0.6043019055877474,0.03459958635129042,1.0,1.0,1.0,1.0
861,0.4886513740592849,0.9497274564341602,0.5540293620219077,-0.01567295721454938,0.9497274564341602,0.9497274564341602,0.9497274564341602,0.9497274564341602
862,-0.004168160660719712,1.0,1.0,0.9843270427854506,1.0,1.0,0.4670272496098054,1.0
863,-0.49698769538072435,1.0,1.0,1.0,1.0,1.0,-0.0156729572145494,1.0
864,0.5030123046192756,0.5697190021101318,1.0,0.5071804652799954,1.0,1.0,0.27174480810093743,1.0
865,1.0,0.13943800422026362,1.0,0.01436093055999079,1.0,1.0,0.5591625734164243,1.0
866,0.9497274564341602,0.08916546065442382,0.9497274564341602,-0.03591161300584901,0.9497274564341602,0.9497274564341602,0.5088900298505845,0.9497274564341602
867,0.45690792171415556,0.5550956506916138,1.0,0.964088386994151,1.0,1.0,0.026189823026229707,1.0
868,-0.03591161300584903,1.0,1.0,1.0,1.0,1.0,-0.45651038379812514,1.0
869,0.964088386994151,0.5697190021101318,1.0,0.5071804652799954,1.0,1.0,-0.16909261848263826,1.0
870,1.0,0.13943800422026362,1.0,0.01436093055999079,1.0,1.0,0.11832514683284862,1.0
871,0.9497274564341602,0.08916546065442382,0.9497274564341602,-0.03591161300584901,0.9497274564341602,0.9497274564341602,0.06805260326700882,0.9497274564341602
872,0.45690792171415556,0.5550956506916138,1.0,0.964088386994151,1.0,1.0,-0.41464760355734603,1.0
873,-0.03591161300584903,1.0,1.0,1.0,1.0,1.0,-0.8973478103817008,1.0
874,0.2515061523096378,1.0,0.8021509527938737,0.5172997931756452,1.0,1.0,0.10265218961829925,1.0
875,0.5389239176251247,1.0,0.6043019055877474,0.03459958635129042,1.0,1.0,1.0,1.0
876,0.4886513740592849,0.9497274564341602,0.5540293620219077,-0.01567295721454938,0.9497274564341602,0.9497274564341602,0.9497274564341602,0.9497274564341602
877,-0.004168160660719712,1.0,1.0,0.9843270427854506,1.0,1.0,0.4670272496098054,1.0
878,-0.49698769538072435,1.0,1.0,1.0,1.0,1.0,-0.0156729572145494,1.0
879,0.5030123046192756,0.5697190021101318,1.0,0.5071804652799954,1.0,1.0,0.27174480810093743,1.0
880,1.0,0.13943800422026362,1.0,0.01436093055999079,1.0,1.0,0.5591625734164243,1.0
881,0.9497274564341602,0.08916546065442382,0.9497274564341602,-0.03591161300584901,0.9497274564341602,0.9497274564341602,0.5088900298505845,0.9497274564341602
882,0.45690792171415556,0.5550956506916138,1.0,0.964088386994151,1.0,1.0,0.026189823026229707,1.0
883,-0.03591161300584903,1.0,1.0,1.0,1.0,1.0,-0.45651038379812514,1.0
884,0.2515061523096378,1.0,0.8021509527938737,0.5172997931756452,1.0,1.0,0.5434896162018749,1.0
885,0.5389239176251247,1.0,0.6043019055877474,0.03459958635129042,1.0,1.0,1.0,1.0
886,0.4886513740592849,0.9497274564341602,0.5540293620219077,-0.01567295721454938,0.9497274564341602,0.9497274564341602,0.9497274564341602,0.9497274564341602
887,-0.004168160660719712,1.0,1.0,0.9843270427854506,1.0,1.0,0.4670272496098054,1.0
888,-0.49698769538072435,1.0,1.0,1.0,1.0,1.0,-0.0156729572145494,1.0
889,0.5030123046192756,0.5697190021101318,1.0,0.5071804652799954,1.0,1.0,0.27174480810093743,1.0
890,1.0,0.13943800422026362,1.0,0.01436093055999079,1.0,1.0,0.5591625734164243,1.0
891,0.9497274564341602,0.08916546065442382,0.9497274564341602,-0.03591161300584901,0.9497274564341602,0.9497274564341602,0.5088900298505845,0.9497274564341602
892,0.45690792171415556,0.5550956506916138,1.0,0.964088386994151,1.0,1.0,0.026189823026229707,1.0
893,-0.03591161300584903,1.0,1.0,1.0,1.0,1.0,-0.45651038379812514,1.0
894,0.2515061523096378,1.0,0.8021509527938737,0.5172997931756452,1.0,1.0,0.5434896162018749,1.0
895,0.5389239176251247,1.0,0.6043019055877474,0.03459958635129042,1.0,1.0,1.0,1.0
896,0.4886513740592849,0.9497274564341602,0.5540293620219077,-0.01567295721454938,0.9497274564341602,0.9497274564341602,0.9497274564341602,0.9497274564341602
897,-0.004168160660719712,1.0,1.0,0.9843270427854506,1.0,1.0,0.4670272496098054,1.0
898,-0.49698769538072435,1.0,1.0,1.0,1.0,1.0,-0.0156729572145494,1.0
899,0.5030123046192756,0.5697190021101318,1.0,0.5071804652799954,1.0,1.0,0.27174480810093743,1.0
900,1.0,0.13943800422026362,1.0,0.01436093055999079,1.0,1.0,0.5591625734164243,1.0
901,0.9497274564341602,0.08916546065442382,0.9497274564341602,-0.03591161300584901,0.9497274564341602,0.9497274564341602,0.5088900298505845,0.9497274564341602
902,0.45690792171415556,0.5550956506916138,1.0,0.964088386994151,1.0,1.0,0.026189823026229707,1.0
903,-0.03591161300584903,1.0,1.0,1.0,1.0,1.0,-0.45651038379812514,1.0
904,0.2515061523096378,1.0,0.8021509527938737,0.5172997931756452,1.0,1.0,0.5434896162018749,1.0
905,0.5389239176251247,1.0,0.6043019055877474,0.03459958635129042,1.0,1.0,1.0,1.0
906,0.4886513740592849,0.9497274564341602,0.5540293620219077,-0.01567295721454938,0.9497274564341602,0.9497274564341602,0.9497274564341602,0.9497274564341602
907,-0.004168160660719712,1.0,1.0,0.9843270427854506,1.0,1.0,0.4670272496098054,1.0
908,-0.49698769538072435,1.0,1.0,1.0,1.0,1.0,-0.0156729572145494,1.0
909,0.5030123046192756,0.5697190021101318,1.0,0.5071804652799954,1.0,1.0,0.27174480810093743,1.0
910,1.0,0.13943800422026362,1.0,0.01436093055999079,1.0,1.0,0.5591625734164243,1.0
911,0.9497274564341602,0.08916546065442382,0.9497274564341602,-0.03591161300584901,0.9497274564341602,0.9497274564341602,0.5088900298505845,0.9497274564341602
912,0.45690792171415556,0.5550956506916138,1.0,0.964088386994151,1.0,1.0,0.026189823026229707,1.0
913,-0.03591161300584903,1.0,1.0,1.0,1.0,1.0,-0.45651038379812514,1.0
914,0.2515061523096378,1.0,0.8021509527938737,0.5172997931756452,1.0,1.0,0.5434896162018749,1.0
915,0.5389239176251247,1.0,0.6043019055877474,0.03459958635129042,1.0,1.0,1.0,1.0
916,0.4886513740592849,0.9497274564341602,0.5540293620219077,-0.01567295721454938,0.9497274564341602,0.9497274564341602,0.9497274564341602,0.9497274564341602
917,-0.004168160660719712,1.0,1.0,0.9843270427854506,1.0,1.0,0.4670272496098054,1.0
918,-0.49698769538072435,1.0,1.0,1.0,1.0,1.0,-0.0156729572145494,1.0
919,0.5030123046192756,0.5697190021101318,1.0,0.5071804652799954,1.0,1.0,0.27174480810093743,1.0
920,1.0,0.13943800422026362,1.0,0.01436093055999079,1.0,1.0,0.5591625734164243,1.0
921,0.9497274564341602,0.08916546065442382,0.9497274564341602,-0.03591161300584901,0.9497274564341602,0.9497274564341602,0.5088900298505845,0.9497274564341602
922,0.45690792171415556,0.5550956506916138,1.0,0.964088386994151,1.0,1.0,0.026189823026229707,1.0
923,-0.03591161300584903,1.0,1.0,1.0,1.0,1.0,-0.45651038379812514,1.0
924,0.2515061523096378,1.0,0.8021509527938737,0.5172997931756452,1.0,1.0,0.5434896162018749,1.0
925,0.5389239176251247,1.0,0.6043019055877474,0.03459958635129042,1.0,1.0,1.0,1.0
926,0.4886513740592849,0.9497274564341602,0.5540293620219077,-0.01567295721454938,0.9497274564341602,0.9497274564341602,0.9497274564341602,0.9497274564341602
927,-0.004168160660719712,1.0,1.0,0.9843270427854506,1.0,1.0,0.4670272496098054,1.0
928,-0.49698769538072435,1.0,1.0,1.0,1.0,1.0,-0.0156729572145494,1.0
929,0.5030123046192756,0.5697190021101318,1.0,0.5071804652799954,1.0,1.0,0.27174480810093743,1.0
930,1.0,0.13943800422026362,1.0,0.01436093055999079,1.0,1.0,0.5591625734164243,1.0
931,0.9497274564341602,0.08916546065442382,0.9497274564341602,-0.03591161300584901,0.9497274564341602,0.9497274564341602,0.5088900298505845,0.9497274564341602
932,0.45690792171415556,0.5550956506916138,1.0,0.964088386994151,1.0,1.0,0.026189823026229707,1.0
933,-0.03591161300584903,1.0,1.0,1.0,1.0,1.0,-0.45651038379812514,1.0
934,0.2515061523096378,1.0,0.8021509527938737,0.5172997931756452,1.0,1.0,0.5434896162018749,1.0
935,0.5389239176251247,1.0,0.6043019055877474,0.03459958635129042,1.0,1.0,1.0,1.0
936,0.4886513740592849,0.9497274564341602,0.5540293620219077,-0.01567295721454938,0.9497274564341602,0.9497274564341602,0.9497274564341602,0.9497274564341602
937,-0.004168160660719712,1.0,1.0,0.9843270427854506,1.0,1.0,0.4670272496098054,1.0
938,-0.49698769538072435,1.0,1.0,1.0,1.0,1.0,-0.0156729572145494,1.0
939,0.5030123046192756,0.5697190021101318,1.0,0.5071804652799954,1.0,1.0,0.27174480810093743,1.0
940,1.0,0.13943800422026362,1.0,0.01436093055999079,1.0,1.0,0.5591625734164243,1.0
941,0.9497274564341602,0.08916546065442382,0.9497274564341602,-0.03591161300584901,0.9497274564341602,0.9497274564341602,0.5088900298505845,0.9497274564341602
942,0.45690792171415556,0.5550956506916138,1.0,0.964088386994151,1.0,1.0,0.026189823026229707,1.0
943,-0.03591161300584903,1.0,1.0,1.0,1.0,1.0,-0.45651038379812514,1.0
944,0.2515061523096378,1.0,0.8021509527938737,0.5172997931756452,1.0,1.0,0.5434896162018749,1.0
945,0.5389239176251247,1.0,0.6043019055877474,0.03459958635129042,1.0,1.0,1.0,1.0
946,0.4886513740592849,0.9497274564341602,0.5540293620219077,-0.01567295721454938,0.9497274564341602,0.9497274564341602,0.9497274564341602,0.9497274564341602
947,-0.004168160660719712,1.0,1.0,0.9843270427854506,1.0,1.0,0.4670272496098054,1.0
948,-0.49698769538072435,1.0,1.0,1.0,1.0,1.0,-0.0156729572145494,1.0
949,0.5030123046192756,0.5697190021101318,1.0,0.5071804652799954,1.0,1.0,0.27174480810093743,1.0
950,1.0,0.13943800422026362,1.0,0.01436093055999079,1.0,1.0,0.5591625734164243,1.0
951,0.9497274564341602,0.08916546065442382,0.9497274564341602,-0.03591161300584901,0.9497274564341602,0.9497274564341602,0.5088900298505845,0.9497274564341602
952,0.45690792171415556,0.5550956506916138,1.0,0.964088386994151,1.0,1.0,0.026189823026229707,1.0
953,-0.03591161300584903,1.0,1.0,1.0,1.0,1.0,-0.45651038379812514,1.0
954,0.2515061523096378,1.0,0.8021509527938737,0.5172997931756452,1.0,1.0,0.5434896162018749,1.0
955,0.5389239176251247,1.0,0.6043019055877474,0.03459958635129042,1.0,1.0,1.0,1.0
956,0.4886513740592849,0.9497274564341602,0.5540293620219077,-0.01567295721454938,0.9497274564341602,0.9497274564341602,0.9497274564341602,0.9497274564341602
957,-0.004168160660719712,1.0,1.0,0.9843270427854506,1.0,1.0,0.4670272496098054,1.0
958,-0.49698769538072435,1.0,1.0,1.0,1.0,1.0,-0.0156729572145494,1.0
959,0.5030123046192756,0.5697190021101318,1.0,0.5071804652799954,1.0,1.0,0.27174480810093743,1.0
960,1.0,0.13943800422026362,1.0,0.01436093055999079,1.0,1.0,0.5591625734164243,1.0
961,0.9497274564341602,0.08916546065442382,0.9497274564341602,-0.03591161300584901,0.9497274564341602,0.9497274564341602,0.5088900298505845,0.9497274564341602
962,0.45690792171415556,0.5550956506916138,1.0,0.964088386994151,1.0,1.0,0.026189823026229707,1.0
963,-0.03591161300584903,1.0,1.0,1.0,1.0,1.0,-0.45651038379812514,1.0
964,0.2515061523096378,1.0,0.8021509527938737,0.5172997931756452,1.0,1.0,0.5434896162018749,1.0
965,0.5389239176251247,1.0,0.6043019055877474,0.03459958635129042,1.0,1.0,1.0,1.0
966,0.4886513740592849,0.9497274564341602,0.5540293620219077,-0.01567295721454938,0.9497274564341602,0.9497274564341602,0.9497274564341602,0.9497274564341602
967,-0.004168160660719712,1.0,1.0,0.9843270427854506,1.0,1.0,0.4670272496098054,1.0
968,-0.49698769538072435,1.0,1.0,1.0,1.0,1.0,-0.0156729572145494,1.0
969,0.5030123046192756,0.5697190021101318,1.0,0.5071804652799954,1.0,1.0,0.27174480810093743,1.0
970,1.0,0.13943800422026362,1.0,0.01436093055999079,1.0,1.0,0.5591625734164243,1.0
971,0.9497274564341602,0.08916546065442382,0.9497274564341602,-0.03591161300584901,0.9497274564341602,0.9497274564341602,0.5088900298505845,0.9497274564341602
972,0.45690792171415556,0.5550956506916138,1.0,0.964088386994151,1.0,1.0,0.026189823026229707,1.0
973,-0.03591161300584903,1.0,1.0,1.0,1.0,1.0,-0.45651038379812514,1.0
974,0.2515061523096378,1.0,0.8021509527938737,0.5172997931756452,1.0,1.0,0.5434896162018749,1.0
975,0.5389239176251247,1.0,0.6043019055877474,0.03459958635129042,1.0,1.0,1.0,1.0
976,0.4886513740592849,0.9497274564341602,0.5540293620219077,-0.01567295721454938,0.9497274564341602,0.9497274564341602,0.9497274564341602,0.9497274564341602
977,-0.004168160660719712,1.0,1.0,0.9843270427854506,1.0,1.0,0.4670272496098054,1.0
978,-0.49698769538072435,1.0,1.0,1.0,1.0,1.0,-0.0156729572145494,1.0
979,0.5030123046192756,0.5697190021101318,1.0,0.5071804652799954,1.0,1.0,0.27174480810093743,1.0
980,1.0,0.13943800422026362,1.0,0.01436093055999079,1.0,1.0,0.5591625734164243,1.0
981,0.9497274564341602,0.08916546065442382,0.9497274564341602,-0.03591161300584901,0.9497274564341602,0.9497274564341602,0.5088900298505845,0.9497274564341602
982,0.45690792171415556,0.5550956506916138,1.0,0.964088386994151,1.0,1.0,0.026189823026229707,1.0
983,-0.03591161300584903,1.0,1.0,1.0,1.0,1.0,-0.45651038379812514,1.0
984,0.2515061523096378,1.0,0.8021509527938737,0.5172997931756452,1.0,1.0,0.5434896162018749,1.0
985,0.5389239176251247,1.0,0.6043019055877474,0.03459958635129042,1.0,1.0,1.0,1.0
986,0.4886513740592849,0.9497274564341602,0.5540293620219077,-0.01567295721454938,0.9497274564341602,0.9497274564341602,0.9497274564341602,0.9497274564341602
987,-0.004168160660719712,1.0,1.0,0.9843270427854506,1.0,1.0,0.4670272496098054,1.0
988,-0.49698769538072435,1.0,1.0,1.0,1.0,1.0,-0.0156729572145494,1.0
989,0.5030123046192756,0.5697190021101318,1.0,0.5071804652799954,1.0,1.0,0.27174480810093743,1.0
990,1.0,0.13943800422026362,1.0,0.01436093055999079,1.0,1.0,0.5591625734164243,1.0
991,0.9497274564341602,0.08916546065442382,0.9497274564341602,-0.03591161300584901,0.9497274564341602,0.9497274564341602,0.5088900298505845,0.9497274564341602
992,0.45690792171415556,0.5550956506916138,1.0,0.964088386994151,1.0,1.0,0.026189823026229707,1.0
993,-0.03591161300584903,1.0,1.0,1.0,1.0,1.0,-0.45651038379812514,1.0
994,0.2515061523096378,1.0,0.8021509527938737,0.5172997931756452,1.0,1.0,0.5434896162018749,1.0
995,0.5389239176251247,1.0,0.6043019055877474,0.03459958635129042,1.0,1.0,1.0,1.0
996,0.4886513740592849,0.9497274564341602,0.5540293620219077,-0.01567295721454938,0.9497274564341602,0.9497274564341602,0.9497274564341602,0.9497274564341602
997,-0.004168160660719712,1.0,1.0,0.9843270427854506,1.0,1.0,0.4670272496098054,1.0
998,-0.49698769538072435,1.0,1.0,1.0,1.0,1.0,-0.0156729572145494,1.0
999,0.5030123046192756,0.5697190021101318,1.0,0.5071804652799954,1.0,1.0,0.27174480810093743,1.0
