step,active_behavior
0,motive_3
1,motive_3
2,
3,
4,
5,
6,
7,
8,motive_8
9,motive_8
10,
11,
12,
13,
14,
15,
16,
17,
18,
19,
20,
21,motive_4
22,motive_4
23,motive_5
24,motive_5
25,
26,
27,
28,
29,
30,motive_1
31,motive_1
32,
33,
34,
35,
36,
37,
38,
39,
40,
41,
42,
43,motive_5
44,motive_5
45,motive_2
46,motive_2
47,
48,
49,
50,
51,
52,
53,
54,motive_1
55,motive_1
56,
57,
58,
59,
60,motive_5
61,motive_5
62,
63,
64,
65,
66,
67,
68,
69,motive_7
70,motive_7
71,
72,
73,
74,
75,
76,
77,motive_1
78,motive_1
79,
80,
81,
82,motive_2
83,motive_2
84,motive_5
85,motive_5
86,
87,
88,
89,
90,
91,
92,
93,
94,
95,
96,
97,
98,
99,
100,
101,motive_1
102,motive_1
103,
104,motive_5
105,motive_5
106,
107,motive_2
108,motive_2
109,
110,
111,
112,
113,
114,
115,
116,
117,
118,
119,
120,motive_7
121,motive_7
122,
123,
124,
125,
126,
127,
128,motive_1
129,motive_1
130,motive_5
131,motive_5
132,
133,
134,
135,
136,
137,
138,
139,
140,motive_2
141,motive_2
142,
143,
144,
145,
146,
147,
148,
149,
150,
151,
152,motive_1
153,motive_1
154,motive_5
155,motive_5
156,
157,
158,
159,
160,
161,
162,
163,
164,
165,
166,motive_7
167,motive_7
168,
169,
170,
171,
172,
173,motive_2
174,motive_2
175,
176,
177,
178,
179,motive_1
180,motive_1
181,motive_5
182,motive_5
183,
184,
185,
186,
187,
188,
189,
190,
191,
192,
193,
194,
195,
196,
197,
198,
199,motive_1
200,motive_1
201,motive_5
202,motive_5
203,motive_2
204,motive_2
205,
206,
207,
208,
209,
210,
211,
212,
213,
214,
215,
216,
217,motive_7
218,motive_7
219,
220,
221,
222,
223,
224,
225,
226,motive_1
227,motive_1
228,motive_5
229,motive_5
230,
231,
232,
233,
234,
235,
236,motive_2
237,motive_2
238,
239,
240,
241,
242,
243,
244,
245,
246,
247,
248,
249,
250,motive_1
251,motive_1
252,motive_5
253,motive_5
254,
255,
256,
257,
258,
259,
260,
261,
262,
263,motive_7
264,motive_7
265,
266,
267,
268,
269,motive_2
270,motive_2
271,
272,
273,
274,
275,
276,
277,motive_1
278,motive_1
279,motive_5
280,motive_5
281,
282,
283,
284,
285,
286,
287,
288,
289,
290,
291,
292,
293,
294,
295,
296,
297,motive_1
298,motive_1
299,motive_5
300,motive_5
301,motive_2
302,motive_2
303,
304,
305,
306,
307,
308,
309,
310,
311,
312,
313,
314,motive_7
315,motive_7
316,
317,
318,
319,
320,
321,
322,
323,
324,motive_1
325,motive_1
326,motive_5
327,motive_5
328,
329,
330,
331,
332,
333,
334,motive_2
335,motive_2
336,
337,
338,
339,
340,
341,
342,
343,
344,
345,
346,
347,
348,motive_1
349,motive_1
350,motive_5
351,motive_5
352,
353,
354,
355,
356,
357,
358,
359,
360,motive_7
361,motive_7
362,
363,
364,
365,
366,
367,motive_2
368,motive_2
369,
370,
371,
372,
373,
374,
375,motive_1
376,motive_1
377,motive_5
378,motive_5
379,
380,
381,
382,
383,
384,
385,
386,
387,
388,
389,
390,
391,
392,
393,
394,
395,motive_2
396,motive_2
397,
398,
399,motive_1
400,motive_1
401,motive_5
402,motive_5
403,
404,
405,
406,
407,
408,
409,
410,
411,motive_7
412,motive_7
413,
414,
415,
416,
417,
418,
419,
420,
421,
422,motive_1
423,motive_1
424,
425,motive_5
426,motive_5
427,
428,
429,motive_2
430,motive_2
431,
432,
433,
434,
435,
436,
437,
438,
439,
440,
441,
442,
443,
444,
445,
446,motive_1
447,motive_1
448,motive_5
449,motive_5
450,
451,
452,
453,
454,
455,
456,
457,motive_7
458,motive_7
459,
460,
461,
462,motive_2
463,motive_2
464,
465,
466,
467,
468,
469,
470,
471,
472,
473,motive_1
474,motive_1
475,motive_5
476,motive_5
477,
478,
479,
480,
481,
482,
483,
484,
485,
486,
487,
488,
489,
490,motive_2
491,motive_2
492,
493,
494,
495,
496,
497,motive_1
498,motive_1
499,motive_5
500,motive_5
501,
502,
503,
504,
505,
506,
507,
508,motive_7
509,motive_7
510,
511,
512,
513,
514,
515,
516,
517,
518,
519,
520,motive_1
521,motive_1
522,
523,motive_5
524,motive_5
525,motive_2
526,motive_2
527,
528,
529,
530,
531,
532,
533,
534,
535,
536,
537,
538,
539,
540,
541,
542,
543,
544,motive_1
545,motive_1
546,motive_5
547,motive_5
548,
549,
550,
551,
552,
553,motive_2
554,motive_2
555,
556,
557,
558,
559,motive_7
560,motive_7
561,
562,
563,
564,
565,
566,
567,
568,
569,
570,
571,motive_1
572,motive_1
573,motive_5
574,motive_5
575,
576,
577,
578,
579,
580,
581,
582,
583,
584,
585,
586,motive_2
587,motive_2
588,
589,
590,
591,
592,
593,
594,
595,motive_1
596,motive_1
597,motive_5
598,motive_5
599,
600,
601,
602,
603,
604,
605,motive_7
606,motive_7
607,
608,
609,
610,
611,
612,
613,
614,
615,
616,
617,
618,motive_1
619,motive_1
620,
621,motive_5
622,motive_5
623,motive_2
624,motive_2
625,
626,
627,
628,
629,
630,
631,
632,
633,
634,
635,
636,
637,
638,
639,
640,
641,
642,motive_1
643,motive_1
644,motive_5
645,motive_5
646,
647,
648,
649,
650,
651,motive_7
652,motive_7
653,
654,
655,
656,motive_2
657,motive_2
658,
659,
660,
661,
662,
663,
664,
665,
666,
667,
668,
669,motive_1
670,motive_1
671,motive_5
672,motive_5
673,
674,
675,
676,
677,
678,
679,
680,
681,
682,
683,
684,motive_2
685,motive_2
686,
687,
688,
689,
690,
691,
692,
693,motive_1
694,motive_1
695,motive_5
696,motive_5
697,
698,
699,
700,
701,
702,motive_7
703,motive_7
704,
705,
706,
707,
708,
709,
710,
711,
712,
713,
714,
715,
716,motive_1
717,motive_1
718,
719,motive_5
720,motive_5
721,motive_2
722,motive_2
723,
724,
725,
726,
727,
728,
729,
730,
731,
732,
733,
734,
735,
736,
737,
738,
739,
740,motive_1
741,motive_1
742,motive_5
743,motive_5
744,
745,
746,
747,
748,motive_7
749,motive_7
750,
751,
752,
753,
754,motive_2
755,motive_2
756,
757,
758,
759,
760,
761,
762,
763,
764,
765,
766,
767,motive_1
768,motive_1
769,motive_5
770,motive_5
771,
772,
773,
774,
775,
776,
777,
778,
779,
780,
781,
782,motive_2
783,motive_2
784,
785,
786,
787,
788,
789,
790,
791,motive_1
792,motive_1
793,motive_5
794,motive_5
795,
796,
797,
798,
799,motive_7
800,motive_7
801,
802,
803,
804,
805,
806,
807,
808,
809,
810,
811,
812,
813,
814,motive_1
815,motive_1
816,
817,motive_5
818,motive_5
819,motive_2
820,motive_2
821,
822,
823,
824,
825,
826,
827,
828,
829,
830,
831,
832,
833,
834,
835,
836,
837,
838,motive_7
839,motive_7
840,
841,motive_1
842,motive_1
843,motive_5
844,motive_5
845,
846,
847,
848,
849,
850,
851,
852,motive_2
853,motive_2
854,
855,
856,
857,
858,
859,
860,
861,
862,
863,
864,
865,motive_1
866,motive_1
867,motive_5
868,motive_5
869,
870,
871,
872,
873,
874,
875,
876,
877,
878,
879,
880,motive_2
881,motive_2
882,
883,
884,
885,
886,
887,motive_7
888,motive_7
889,
890,
891,
892,motive_1
893,motive_1
894,motive_5
895,motive_5
896,
897,
898,
899,
900,
901,
902,
903,
904,
905,
906,
907,
908,
909,
910,
911,
912,motive_1
913,motive_1
914,motive_5
915,motive_5
916,motive_2
917,motive_2
918,
919,
920,
921,
922,
923,
924,
925,
926,
927,
928,
929,
930,
931,
932,
933,motive_7
934,motive_7
935,
936,
937,
938,
939,motive_1
940,motive_1
941,motive_5
942,motive_5
943,
944,
945,
946,
947,
948,
949,motive_2
950,motive_2
951,
952,
953,
954,
955,
956,
957,
958,
959,
960,
961,
962,
963,motive_1
964,motive_1
965,motive_5
966,motive_5
967,
968,
969,
970,
971,
972,
973,
974,
975,
976,
977,motive_2
978,motive_2
979,
980,
981,
982,
983,
984,motive_7
985,motive_7
986,
987,
988,
989,
990,motive_1
991,motive_1
992,motive_5
993,motive_5
994,
995,
996,
997,
998,
999,
1000,
1001,
1002,
1003,
1004,
1005,
1006,
1007,
1008,
1009,
1010,motive_2
1011,motive_2
1012,
1013,
1014,motive_1
1015,motive_1
1016,motive_5
1017,motive_5
1018,
1019,
1020,
1021,
1022,
1023,
1024,
1025,
1026,
1027,
1028,
1029,
1030,motive_7
1031,motive_7
1032,
1033,
1034,
1035,
1036,
1037,motive_1
1038,motive_1
1039,
1040,motive_5
1041,motive_5
1042,
1043,
1044,motive_2
1045,motive_2
1046,
1047,
1048,
1049,
1050,
1051,
1052,
1053,
1054,
1055,
1056,
1057,
1058,
1059,
1060,
1061,motive_1
1062,motive_1
1063,motive_5
1064,motive_5
1065,
1066,
1067,
1068,
1069,
1070,
1071,
1072,motive_2
1073,motive_2
1074,
1075,
1076,
1077,
1078,
1079,
1080,
1081,motive_7
1082,motive_7
1083,
1084,
1085,
1086,
1087,
1088,motive_1
1089,motive_1
1090,motive_5
1091,motive_5
1092,
1093,
1094,
1095,
1096,
1097,
1098,
1099,
1100,
1101,
1102,
1103,
1104,
1105,motive_2
1106,motive_2
1107,
1108,
1109,
1110,
1111,
1112,motive_1
1113,motive_1
1114,motive_5
1115,motive_5
1116,
1117,
1118,
1119,
1120,
1121,
1122,
1123,
1124,
1125,
1126,
1127,motive_7
1128,motive_7
1129,
1130,
1131,
1132,
1133,
1134,
1135,motive_1
1136,motive_1
1137,
1138,motive_5
1139,motive_5
1140,motive_2
1141,motive_2
1142,
1143,
1144,
1145,
1146,
1147,
1148,
1149,
1150,
1151,
1152,
1153,
1154,
1155,
1156,
1157,
1158,
1159,motive_1
1160,motive_1
1161,motive_5
1162,motive_5
1163,
1164,
1165,
1166,
1167,
1168,motive_2
1169,motive_2
1170,
1171,
1172,
1173,
1174,
1175,
1176,
1177,
1178,motive_7
1179,motive_7
1180,
1181,
1182,
1183,
1184,
1185,
1186,motive_1
1187,motive_1
1188,motive_5
1189,motive_5
1190,
1191,
1192,
1193,
1194,
1195,
1196,
1197,
1198,
1199,
1200,
1201,motive_2
1202,motive_2
1203,
1204,
1205,
1206,
1207,
1208,
1209,
1210,motive_1
1211,motive_1
1212,motive_5
1213,motive_5
1214,
1215,
1216,
1217,
1218,
1219,
1220,
1221,
1222,
1223,
1224,motive_7
1225,motive_7
1226,
1227,
1228,
1229,
1230,
1231,
1232,
1233,motive_1
1234,motive_1
1235,
1236,motive_5
1237,motive_5
1238,motive_2
1239,motive_2
1240,
1241,
1242,
1243,
1244,
1245,
1246,
1247,
1248,
1249,
1250,
1251,
1252,
1253,
1254,
1255,
1256,
1257,motive_1
1258,motive_1
1259,motive_5
1260,motive_5
1261,
1262,
1263,
1264,
1265,
1266,motive_2
1267,motive_2
1268,
1269,
1270,
1271,
1272,
1273,
1274,
1275,motive_7
1276,motive_7
1277,
1278,
1279,
1280,
1281,
1282,
1283,
1284,motive_1
1285,motive_1
1286,motive_5
1287,motive_5
1288,
1289,
1290,
1291,
1292,
1293,
1294,
1295,
1296,
1297,
1298,
1299,motive_2
1300,motive_2
1301,
1302,
1303,
1304,
1305,
1306,
1307,
1308,motive_1
1309,motive_1
1310,motive_5
1311,motive_5
1312,
1313,
1314,
1315,
1316,
1317,
1318,
1319,
1320,
1321,motive_7
1322,motive_7
1323,
1324,
1325,
1326,
1327,
1328,
1329,
1330,
1331,motive_1
1332,motive_1
1333,
1334,motive_5
1335,motive_5
1336,motive_2
1337,motive_2
1338,
1339,
1340,
1341,
1342,
1343,
1344,
1345,
1346,
1347,
1348,
1349,
1350,
1351,
1352,
1353,
1354,
1355,motive_1
1356,motive_1
1357,motive_5
1358,motive_5
1359,
1360,
1361,
1362,
1363,
1364,motive_2
1365,motive_2
1366,
1367,
1368,
1369,
1370,
1371,
1372,motive_7
1373,motive_7
1374,
1375,
1376,
1377,
1378,
1379,
1380,
1381,
1382,motive_1
1383,motive_1
1384,motive_5
1385,motive_5
1386,
1387,
1388,
1389,
1390,
1391,
1392,
1393,
1394,
1395,
1396,
1397,motive_2
1398,motive_2
1399,
1400,
1401,
1402,
1403,
1404,
1405,
1406,motive_1
1407,motive_1
1408,motive_5
1409,motive_5
1410,
1411,
1412,
1413,
1414,
1415,
1416,
1417,
1418,motive_7
1419,motive_7
1420,
1421,
1422,
1423,
1424,
1425,
1426,
1427,
1428,
1429,motive_1
1430,motive_1
1431,
1432,motive_5
1433,motive_5
1434,motive_2
1435,motive_2
1436,
1437,
1438,
1439,
1440,
1441,
1442,
1443,
1444,
1445,
1446,
1447,
1448,
1449,
1450,
1451,
1452,
1453,motive_1
1454,motive_1
1455,motive_5
1456,motive_5
1457,
1458,
1459,
1460,
1461,
1462,motive_2
1463,motive_2
1464,
1465,
1466,
1467,
1468,
1469,motive_7
1470,motive_7
1471,
1472,
1473,
1474,
1475,
1476,
1477,
1478,
1479,
1480,motive_1
1481,motive_1
1482,motive_5
1483,motive_5
1484,
1485,
1486,
1487,
1488,
1489,
1490,
1491,
1492,
1493,
1494,
1495,motive_2
1496,motive_2
1497,
1498,
1499,
1500,
1501,
1502,
1503,
1504,motive_1
1505,motive_1
1506,motive_5
1507,motive_5
1508,
1509,
1510,
1511,
1512,
1513,
1514,
1515,motive_7
1516,motive_7
1517,
1518,
1519,
1520,
1521,
1522,
1523,
1524,
1525,
1526,
1527,motive_1
1528,motive_1
1529,
1530,motive_5
1531,motive_5
1532,motive_2
1533,motive_2
1534,
1535,
1536,
1537,
1538,
1539,
1540,
1541,
1542,
1543,
1544,
1545,
1546,
1547,
1548,
1549,
1550,
1551,motive_1
1552,motive_1
1553,motive_5
1554,motive_5
1555,
1556,
1557,
1558,
1559,
1560,motive_2
1561,motive_2
1562,
1563,
1564,
1565,
1566,motive_7
1567,motive_7
1568,
1569,
1570,
1571,
1572,
1573,
1574,
1575,
1576,
1577,
1578,motive_1
1579,motive_1
1580,motive_5
1581,motive_5
1582,
1583,
1584,
1585,
1586,
1587,
1588,
1589,
1590,
1591,
1592,
1593,motive_2
1594,motive_2
1595,
1596,
1597,
1598,
1599,
1600,
1601,
1602,motive_1
1603,motive_1
1604,motive_5
1605,motive_5
1606,
1607,
1608,
1609,
1610,
1611,
1612,motive_7
1613,motive_7
1614,
1615,
1616,
1617,
1618,
1619,
1620,
1621,
1622,
1623,
1624,
1625,motive_1
1626,motive_1
1627,
1628,motive_5
1629,motive_5
1630,motive_2
1631,motive_2
1632,
1633,
1634,
1635,
1636,
1637,
1638,
1639,
1640,
1641,
1642,
1643,
1644,
1645,
1646,
1647,
1648,
1649,motive_1
1650,motive_1
1651,motive_5
1652,motive_5
1653,
1654,
1655,
1656,
1657,
1658,motive_2
1659,motive_2
1660,
1661,
1662,
1663,motive_7
1664,motive_7
1665,
1666,
1667,
1668,
1669,
1670,
1671,
1672,
1673,
1674,
1675,
1676,motive_1
1677,motive_1
1678,motive_5
1679,motive_5
1680,
1681,
1682,
1683,
1684,
1685,
1686,
1687,
1688,
1689,
1690,
1691,motive_2
1692,motive_2
1693,
1694,
1695,
1696,
1697,
1698,
1699,
1700,motive_1
1701,motive_1
1702,motive_5
1703,motive_5
1704,
1705,
1706,
1707,
1708,
1709,motive_7
1710,motive_7
1711,
1712,
1713,
1714,
1715,
1716,
1717,
1718,
1719,
1720,
1721,
1722,
1723,motive_1
1724,motive_1
1725,
1726,motive_5
1727,motive_5
1728,motive_2
1729,motive_2
1730,
1731,
1732,
1733,
1734,
1735,
1736,
1737,
1738,
1739,
1740,
1741,
1742,
1743,
1744,
1745,
1746,
1747,motive_1
1748,motive_1
1749,motive_5
1750,motive_5
1751,
1752,
1753,
1754,
1755,motive_7
1756,motive_7
1757,
1758,
1759,
1760,
1761,motive_2
1762,motive_2
1763,
1764,
1765,
1766,
1767,
1768,
1769,
1770,
1771,
1772,
1773,
1774,motive_1
1775,motive_1
1776,motive_5
1777,motive_5
1778,
1779,
1780,
1781,
1782,
1783,
1784,
1785,
1786,
1787,
1788,
1789,motive_2
1790,motive_2
1791,
1792,
1793,
1794,
1795,
1796,
1797,
1798,motive_1
1799,motive_1
1800,motive_5
1801,motive_5
1802,
1803,
1804,
1805,
1806,motive_7
1807,motive_7
1808,
1809,
1810,
1811,
1812,
1813,
1814,
1815,
1816,
1817,
1818,
1819,
1820,
1821,motive_1
1822,motive_1
1823,
1824,motive_5
1825,motive_5
1826,motive_2
1827,motive_2
1828,
1829,
1830,
1831,
1832,
1833,
1834,
1835,
1836,
1837,
1838,
1839,
1840,
1841,
1842,
1843,
1844,
1845,motive_7
1846,motive_7
1847,
1848,motive_1
1849,motive_1
1850,motive_5
1851,motive_5
1852,
1853,
1854,
1855,
1856,
1857,
1858,
1859,motive_2
1860,motive_2
1861,
1862,
1863,
1864,
1865,
1866,
1867,
1868,
1869,
1870,
1871,
1872,motive_1
1873,motive_1
1874,motive_5
1875,motive_5
1876,
1877,
1878,
1879,
1880,
1881,
1882,
1883,
1884,
1885,
1886,
1887,motive_2
1888,motive_2
1889,
1890,
1891,
1892,
1893,
1894,motive_7
1895,motive_7
1896,
1897,
1898,
1899,motive_1
1900,motive_1
1901,motive_5
1902,motive_5
1903,
1904,
1905,
1906,
1907,
1908,
1909,
1910,
1911,
1912,
1913,
1914,
1915,
1916,
1917,
1918,
1919,motive_1
1920,motive_1
1921,motive_5
1922,motive_5
1923,motive_2
1924,motive_2
1925,
1926,
1927,
1928,
1929,
1930,
1931,
1932,
1933,
1934,
1935,
1936,
1937,
1938,
1939,
1940,motive_7
1941,motive_7
1942,
1943,
1944,
1945,
1946,motive_1
1947,motive_1
1948,motive_5
1949,motive_5
1950,
1951,
1952,
1953,
1954,
1955,
1956,motive_2
1957,motive_2
1958,
1959,
1960,
1961,
1962,
1963,
1964,
1965,
1966,
1967,
1968,
1969,
1970,motive_1
1971,motive_1
1972,motive_5
1973,motive_5
1974,
1975,
1976,
1977,
1978,
1979,
1980,
1981,
1982,
1983,
1984,motive_2
1985,motive_2
1986,
1987,
1988,
1989,
1990,
1991,motive_7
1992,motive_7
1993,
1994,
1995,
1996,
1997,motive_1
1998,motive_1
1999,motive_5
